t_s,phase,label,jaw_measured,jaw_commanded,gripper_current,gripper_vel
0.000,survey,not_held,0.0165,0.0164,28.0,-0.0
0.004,survey,not_held,0.018,0.0163,26.0,-0.0
0.043,survey,not_held,0.018,0.0162,26.0,-0.0
0.082,survey,not_held,0.0165,0.0161,25.0,-0.0
0.121,survey,not_held,0.0165,0.0159,25.0,-0.0
0.160,survey,not_held,0.0233,0.0158,8.0,-0.0705
0.199,survey,not_held,0.0233,0.0157,8.0,-0.0705
0.237,survey,not_held,0.0233,0.0156,8.0,-0.0705
0.275,survey,not_held,0.0218,0.0155,0.0,0.0118
0.312,survey,not_held,0.0218,0.0154,0.0,0.0118
0.346,survey,not_held,0.021,0.0152,0.0,-0.0
0.381,survey,not_held,0.021,0.0151,2.0,-0.0
0.420,survey,not_held,0.021,0.015,2.0,-0.0
0.457,survey,not_held,0.0218,0.0149,2.0,-0.0
0.491,survey,not_held,0.0218,0.0148,0.0,-0.0
0.526,survey,not_held,0.0218,0.0146,0.0,-0.0
0.562,survey,not_held,0.0218,0.0145,0.0,-0.0
0.596,survey,not_held,0.0218,0.0144,0.0,-0.0
0.632,survey,not_held,0.0218,0.0143,0.0,-0.0
0.666,survey,not_held,0.021,0.0142,0.0,-0.0
0.702,survey,not_held,0.021,0.0141,1.0,-0.0
0.740,survey,not_held,0.021,0.0139,1.0,-0.0
0.775,survey,not_held,0.021,0.0138,0.0,-0.0
0.809,survey,not_held,0.021,0.0137,0.0,-0.0
0.844,survey,not_held,0.021,0.0136,0.0,-0.0
0.877,survey,not_held,0.021,0.0135,0.0,-0.0
0.911,survey,not_held,0.021,0.0133,0.0,-0.0
0.947,survey,not_held,0.021,0.0132,0.0,-0.0
0.985,survey,not_held,0.021,0.0131,0.0,-0.0
1.024,survey,not_held,0.021,0.013,0.0,-0.0
1.061,survey,not_held,0.021,0.0129,0.0,-0.0
1.098,survey,not_held,0.0218,0.0128,0.0,-0.0
1.137,survey,not_held,0.0218,0.0126,0.0,-0.0
1.171,survey,not_held,0.021,0.0125,1.0,-0.0
1.206,survey,not_held,0.0195,0.0124,2.0,-0.0
1.240,survey,not_held,0.0195,0.0123,2.0,-0.0
1.274,survey,not_held,0.0195,0.0122,1.0,-0.0
1.309,survey,not_held,0.0195,0.012,6.0,-0.0
1.344,survey,not_held,0.0195,0.0119,6.0,-0.0
1.383,survey,not_held,0.0195,0.0118,6.0,-0.0
1.421,survey,not_held,0.0203,0.0117,5.0,-0.0
1.454,survey,not_held,0.0203,0.0116,5.0,-0.0
1.493,survey,not_held,0.0195,0.0115,3.0,-0.0
1.531,survey,not_held,0.0195,0.0113,3.0,-0.0
1.565,survey,not_held,0.0195,0.0112,3.0,-0.0
1.599,survey,not_held,0.0195,0.0111,8.0,-0.0
1.638,survey,not_held,0.0195,0.011,8.0,-0.0
1.676,survey,not_held,0.0195,0.0109,8.0,-0.0
1.710,survey,not_held,0.0195,0.0107,9.0,-0.0
1.748,survey,not_held,0.0195,0.0106,9.0,-0.0
1.785,survey,not_held,0.0195,0.0105,9.0,-0.0
1.819,survey,not_held,0.0195,0.0104,12.0,-0.0
1.857,survey,not_held,0.0195,0.0103,12.0,-0.0
1.891,survey,not_held,0.0195,0.0102,12.0,-0.0
1.925,survey,not_held,0.0195,0.01,5.0,-0.0
1.964,survey,not_held,0.0195,0.0099,5.0,-0.0
2.000,survey,not_held,0.0203,0.0098,5.0,-0.0
2.039,survey,not_held,0.0203,0.0097,5.0,-0.0
2.074,survey,not_held,0.0203,0.0096,5.0,-0.0
2.112,survey,not_held,0.0195,0.0094,12.0,-0.0
2.146,survey,not_held,0.0195,0.0093,12.0,-0.0
2.181,survey,not_held,0.0195,0.0092,12.0,-0.0
2.215,survey,not_held,0.0195,0.0091,5.0,-0.0
2.251,survey,not_held,0.0195,0.009,5.0,-0.0
2.290,survey,not_held,0.0195,0.0089,5.0,-0.0
2.327,survey,not_held,0.0203,0.0087,9.0,-0.0
2.362,survey,not_held,0.0203,0.0086,9.0,-0.0
2.397,survey,not_held,0.0203,0.0085,9.0,-0.0
2.436,survey,not_held,0.0203,0.0084,9.0,-0.0
2.474,survey,not_held,0.0203,0.0083,9.0,-0.0
2.510,survey,not_held,0.0195,0.0081,5.0,-0.0
2.548,survey,not_held,0.0195,0.008,5.0,-0.0
2.583,survey,not_held,0.0195,0.0079,5.0,-0.0
2.621,survey,not_held,0.0195,0.0078,5.0,-0.0
2.659,survey,not_held,0.0195,0.0077,18.0,-0.0
2.697,survey,not_held,0.0195,0.0076,18.0,-0.0
2.736,survey,not_held,0.0195,0.0074,18.0,-0.0
2.770,survey,not_held,0.0195,0.0073,18.0,-0.0
2.808,survey,not_held,0.0195,0.0072,18.0,-0.0
2.846,survey,not_held,0.0188,0.0071,15.0,-0.0
2.884,survey,not_held,0.0188,0.007,15.0,-0.0
2.919,survey,not_held,0.0188,0.0069,15.0,-0.0
2.954,survey,not_held,0.0195,0.0067,18.0,-0.0
2.991,survey,not_held,0.0195,0.0066,18.0,-0.0
3.024,survey,not_held,0.0195,0.0065,17.0,-0.0
3.061,survey,not_held,0.0195,0.0064,17.0,-0.0
3.100,survey,not_held,0.0195,0.0063,17.0,-0.0
3.135,survey,not_held,0.0195,0.0061,19.0,-0.0
3.169,survey,not_held,0.0195,0.006,19.0,-0.0
3.207,survey,not_held,0.0195,0.0059,19.0,-0.0
3.243,survey,not_held,0.0195,0.0058,18.0,-0.0
3.281,survey,not_held,0.0195,0.0057,18.0,-0.0
3.315,survey,not_held,0.0195,0.0056,18.0,-0.0
3.353,survey,not_held,0.0195,0.0054,17.0,-0.0
3.390,survey,not_held,0.0195,0.0053,17.0,-0.0
3.426,survey,not_held,0.0195,0.0052,17.0,-0.0
3.462,survey,not_held,0.0195,0.0051,17.0,-0.0
3.497,survey,not_held,0.0195,0.005,17.0,-0.0
3.535,survey,not_held,0.0195,0.0048,17.0,-0.0
3.571,survey,not_held,0.0195,0.0047,17.0,-0.0
3.609,survey,not_held,0.0195,0.0046,17.0,-0.0
3.643,survey,not_held,0.0195,0.0045,17.0,-0.0
3.681,survey,not_held,0.0195,0.0044,18.0,-0.0
3.716,survey,not_held,0.0195,0.0043,18.0,-0.0
3.753,survey,not_held,0.0195,0.0041,15.0,-0.0
3.791,survey,not_held,0.0195,0.004,15.0,-0.0
3.825,survey,not_held,0.0195,0.0039,15.0,-0.0
3.859,survey,not_held,0.0195,0.0038,18.0,-0.0
3.896,survey,not_held,0.0195,0.0037,18.0,-0.0
3.931,survey,not_held,0.0195,0.0035,18.0,-0.0
3.967,survey,not_held,0.0195,0.0034,18.0,-0.0
4.002,survey,not_held,0.0195,0.0033,18.0,-0.0
4.035,survey,not_held,0.0195,0.0032,18.0,-0.0
4.074,survey,not_held,0.018,0.0031,24.0,0.0117
4.108,survey,not_held,0.018,0.003,24.0,0.0117
4.146,survey,not_held,0.018,0.0028,24.0,0.0117
4.184,survey,not_held,0.018,0.0027,24.0,-0.0
4.222,survey,not_held,0.018,0.0026,24.0,-0.0
4.258,survey,not_held,0.018,0.0025,24.0,-0.0
4.296,survey,not_held,0.018,0.0024,25.0,-0.0
4.333,survey,not_held,0.018,0.0022,25.0,-0.0
4.368,survey,not_held,0.0173,0.0021,24.0,-0.0
4.404,survey,not_held,0.0173,0.002,24.0,-0.0
4.440,survey,not_held,0.0173,0.0019,24.0,-0.0
4.473,survey,not_held,0.018,0.0018,25.0,-0.0
4.508,survey,not_held,0.018,0.0017,25.0,-0.0
4.546,survey,not_held,0.018,0.0015,25.0,-0.0
4.584,survey,not_held,0.018,0.0014,24.0,-0.0
4.622,survey,not_held,0.018,0.0013,24.0,-0.0
4.660,survey,not_held,0.018,0.0012,24.0,-0.0
4.697,survey,not_held,0.018,0.0011,25.0,-0.0
4.736,survey,not_held,0.018,0.0009,25.0,-0.0
4.770,survey,not_held,0.018,0.0008,24.0,-0.0
4.808,survey,not_held,0.018,0.0007,24.0,-0.0
4.846,survey,not_held,0.018,0.0006,24.0,-0.0
4.882,survey,not_held,0.018,0.0005,25.0,-0.0
4.918,survey,not_held,0.018,0.0004,25.0,-0.0
4.952,survey,not_held,0.018,0.0002,25.0,-0.0
4.990,survey,not_held,0.018,0.0001,24.0,-0.0
5.023,survey,not_held,0.018,0.0,24.0,-0.0
5.058,survey,not_held,0.018,0.0,24.0,-0.0
5.092,survey,not_held,0.018,0.0,24.0,-0.0
5.126,survey,not_held,0.018,0.0,24.0,-0.0
5.162,survey,not_held,0.018,0.0,24.0,-0.0
5.200,survey,not_held,0.018,0.0,26.0,-0.0
5.238,survey,not_held,0.018,0.0,26.0,-0.0
5.275,survey,not_held,0.018,0.0,26.0,-0.0
5.311,survey,not_held,0.018,0.0,24.0,-0.0
5.349,survey,not_held,0.018,0.0,24.0,-0.0
5.383,survey,not_held,0.018,0.0,24.0,-0.0
5.420,survey,not_held,0.018,0.0,25.0,-0.0
5.458,survey,not_held,0.018,0.0,25.0,-0.0
5.493,survey,not_held,0.018,0.0,24.0,-0.0
5.532,survey,not_held,0.018,0.0,24.0,-0.0
5.566,survey,not_held,0.018,0.0,24.0,-0.0
5.602,survey,not_held,0.018,0.0,24.0,-0.0
5.640,survey,not_held,0.018,0.0,24.0,-0.0
5.674,survey,not_held,0.018,0.0,24.0,-0.0
5.709,survey,not_held,0.018,0.0,25.0,-0.0
5.748,survey,not_held,0.018,0.0,25.0,-0.0
5.782,survey,not_held,0.018,0.0,25.0,-0.0
5.820,survey,not_held,0.018,0.0,25.0,-0.0
5.855,survey,not_held,0.018,0.0,25.0,-0.0
5.891,survey,not_held,0.0173,0.0,25.0,-0.0
5.926,survey,not_held,0.0173,0.0,24.0,-0.0
5.960,survey,not_held,0.0173,0.0,24.0,-0.0
5.995,survey,not_held,0.018,0.0,24.0,-0.0
6.032,survey,not_held,0.0188,0.0,24.0,-0.0
6.069,survey,not_held,0.0188,0.0,24.0,-0.0
6.107,survey,not_held,0.018,0.0,28.0,-0.0
6.143,survey,not_held,0.018,0.0,28.0,-0.0
6.179,survey,not_held,0.018,0.0,28.0,-0.0
6.212,survey,not_held,0.018,0.0,27.0,-0.0
6.251,survey,not_held,0.018,0.0,27.0,-0.0
6.286,survey,not_held,0.018,0.0,27.0,-0.0
6.324,survey,not_held,0.018,0.0,28.0,-0.0
6.362,survey,not_held,0.018,0.0,28.0,-0.0
6.400,survey,not_held,0.018,0.0,28.0,-0.0
6.436,survey,not_held,0.018,0.0,27.0,-0.0
6.471,survey,not_held,0.018,0.0,27.0,-0.0
6.507,survey,not_held,0.018,0.0,27.0,-0.0
6.542,survey,not_held,0.018,0.0,28.0,-0.0
11.900,refine,not_held,0.018,0.0,28.0,-0.0
11.906,refine,not_held,0.0173,0.0,28.0,-0.0
11.944,refine,not_held,0.018,0.0,28.0,-0.0
11.978,refine,not_held,0.0188,0.0,27.0,-0.0
12.016,refine,not_held,0.0188,0.0,27.0,-0.0
12.054,refine,not_held,0.0165,0.0,37.0,-0.0
12.090,refine,not_held,0.0165,0.0,37.0,-0.0
12.125,refine,not_held,0.0165,0.0,37.0,-0.0
12.162,refine,not_held,0.0158,0.0,31.0,-0.0
12.196,refine,not_held,0.0158,0.0,31.0,-0.0
12.232,refine,not_held,0.0158,0.0,31.0,-0.0
12.267,refine,not_held,0.0158,0.0,31.0,-0.0
12.300,refine,not_held,0.0158,0.0,31.0,-0.0
12.335,refine,not_held,0.0158,0.0,31.0,-0.0
12.368,refine,not_held,0.0158,0.0,30.0,-0.0
12.407,refine,not_held,0.0158,0.0,30.0,-0.0
12.441,refine,not_held,0.0158,0.0,30.0,-0.0
12.478,refine,not_held,0.0158,0.0,30.0,-0.0
12.512,refine,not_held,0.0158,0.0,30.0,-0.0
12.548,refine,not_held,0.0158,0.0,30.0,-0.0
12.587,refine,not_held,0.0158,0.0,31.0,-0.0
12.624,refine,not_held,0.0158,0.0,31.0,-0.0
12.657,refine,not_held,0.0158,0.0,31.0,-0.0
12.693,refine,not_held,0.0158,0.0,30.0,-0.0
12.728,refine,not_held,0.0158,0.0,30.0,-0.0
12.763,refine,not_held,0.0158,0.0,31.0,-0.0
12.800,refine,not_held,0.0158,0.0,31.0,-0.0
12.835,refine,not_held,0.0158,0.0,31.0,-0.0
12.874,refine,not_held,0.015,0.0,30.0,-0.0
12.909,refine,not_held,0.015,0.0,30.0,-0.0
12.944,refine,not_held,0.015,0.0,30.0,-0.0
12.978,refine,not_held,0.0158,0.0,30.0,-0.0
13.015,refine,not_held,0.0158,0.0,30.0,-0.0
13.051,refine,not_held,0.0158,0.0,30.0,-0.0
13.088,refine,not_held,0.0158,0.0,31.0,-0.0
13.123,refine,not_held,0.0158,0.0,31.0,-0.0
13.158,refine,not_held,0.0158,0.0,32.0,-0.0
13.197,refine,not_held,0.0158,0.0,32.0,-0.0
13.233,refine,not_held,0.0158,0.0,32.0,-0.0
13.269,refine,not_held,0.0158,0.0,32.0,-0.0
13.304,refine,not_held,0.0158,0.0,32.0,-0.0
13.343,refine,not_held,0.0158,0.0,32.0,-0.0
13.377,refine,not_held,0.0158,0.0,31.0,-0.0
13.415,refine,not_held,0.0158,0.0,31.0,-0.0
13.452,refine,not_held,0.0158,0.0,31.0,-0.0
13.490,refine,not_held,0.0158,0.0,30.0,-0.0
13.523,refine,not_held,0.0158,0.0,30.0,-0.0
13.557,refine,not_held,0.0158,0.0,30.0,-0.0
13.595,refine,not_held,0.0158,0.0,29.0,-0.0
13.632,refine,not_held,0.0158,0.0,29.0,-0.0
13.667,refine,not_held,0.0158,0.0,29.0,-0.0
13.701,refine,not_held,0.0158,0.0,30.0,-0.0
13.735,refine,not_held,0.0158,0.0,30.0,-0.0
13.769,refine,not_held,0.0158,0.0,30.0,-0.0
13.802,refine,not_held,0.015,0.0,30.0,-0.0
13.840,refine,not_held,0.015,0.0,30.0,-0.0
13.876,refine,not_held,0.015,0.0,30.0,-0.0
13.911,refine,not_held,0.0158,0.0,30.0,-0.0
13.945,refine,not_held,0.0158,0.0,30.0,-0.0
13.982,refine,not_held,0.0158,0.0,30.0,-0.0
14.018,refine,not_held,0.0158,0.0,31.0,-0.0
14.053,refine,not_held,0.0158,0.0,31.0,-0.0
14.087,refine,not_held,0.0158,0.0,31.0,-0.0
14.126,refine,not_held,0.0158,0.0,31.0,-0.0
14.162,refine,not_held,0.0158,0.0,31.0,-0.0
14.195,refine,not_held,0.0158,0.0,32.0,-0.0
14.231,refine,not_held,0.0158,0.0,31.0,-0.0
14.266,refine,not_held,0.0158,0.0,31.0,-0.0
14.300,refine,not_held,0.0158,0.0,31.0,-0.0
14.335,refine,not_held,0.0158,0.0,31.0,-0.0
14.374,refine,not_held,0.0158,0.0,31.0,-0.0
14.407,refine,not_held,0.0158,0.0,31.0,-0.0
14.442,refine,not_held,0.0158,0.0,31.0,-0.0
14.478,refine,not_held,0.0158,0.0,31.0,-0.0
14.515,refine,not_held,0.0158,0.0,30.0,-0.0
14.554,refine,not_held,0.0158,0.0,30.0,-0.0
14.591,refine,not_held,0.0158,0.0,30.0,-0.0
14.629,refine,not_held,0.0158,0.0,31.0,-0.0
14.663,refine,not_held,0.0158,0.0,31.0,-0.0
14.700,refine,not_held,0.0158,0.0,31.0,-0.0
14.735,refine,not_held,0.0158,0.0,31.0,-0.0
14.769,refine,not_held,0.0158,0.0,31.0,-0.0
14.808,refine,not_held,0.0158,0.0,31.0,-0.0
14.842,refine,not_held,0.0158,0.0,31.0,-0.0
14.878,refine,not_held,0.0158,0.0,31.0,-0.0
14.913,refine,not_held,0.0158,0.0,31.0,-0.0
14.951,refine,not_held,0.0158,0.0,31.0,-0.0
14.985,refine,not_held,0.0158,0.0,31.0,-0.0
15.023,refine,not_held,0.0158,0.0,31.0,-0.0
15.059,refine,not_held,0.0158,0.0,31.0,-0.0
15.097,refine,not_held,0.0158,0.0,31.0,-0.0
15.130,refine,not_held,0.0158,0.0,31.0,-0.0
15.166,refine,not_held,0.0158,0.0,31.0,-0.0
15.200,refine,not_held,0.0158,0.0,31.0,-0.0
15.236,refine,not_held,0.0158,0.0,31.0,-0.0
15.273,refine,not_held,0.0158,0.0,31.0,-0.0
15.308,refine,not_held,0.0158,0.0,31.0,-0.0
15.343,refine,not_held,0.0158,0.0,30.0,-0.0
15.377,refine,not_held,0.0158,0.0,30.0,-0.0
15.415,refine,not_held,0.0158,0.0,30.0,-0.0
15.451,refine,not_held,0.0158,0.0,31.0,-0.0
15.489,refine,not_held,0.0158,0.0,31.0,-0.0
15.525,refine,not_held,0.0158,0.0,31.0,-0.0
15.560,refine,not_held,0.0158,0.0,31.0,-0.0
15.596,refine,not_held,0.0158,0.0,31.0,-0.0
15.632,refine,not_held,0.0158,0.0,31.0,-0.0
15.669,refine,not_held,0.0158,0.0,31.0,-0.0
15.707,refine,not_held,0.0158,0.0,31.0,-0.0
15.744,refine,not_held,0.0158,0.0,31.0,-0.0
15.781,refine,not_held,0.0158,0.0,31.0,-0.0
15.816,refine,not_held,0.0158,0.0,31.0,-0.0
15.853,refine,not_held,0.0158,0.0,31.0,-0.0
15.890,refine,not_held,0.0158,0.0,31.0,-0.0
15.926,refine,not_held,0.0158,0.0,31.0,-0.0
15.964,refine,not_held,0.0158,0.0,30.0,-0.0
16.000,refine,not_held,0.0158,0.0,30.0,-0.0
16.034,refine,not_held,0.0158,0.0,30.0,-0.0
18.325,above,not_held,0.0158,0.0,31.0,-0.0
18.330,above,not_held,0.0158,0.0,31.0,-0.0
18.368,above,not_held,0.0158,0.0,31.0,-0.0
18.407,above,not_held,0.0158,0.0,31.0,-0.0
18.445,above,not_held,0.0158,0.0,31.0,-0.0
18.483,above,not_held,0.0158,0.0,31.0,-0.0
18.520,above,not_held,0.0158,0.0,22.0,-0.0
18.557,above,not_held,0.0158,0.0,22.0,-0.0
18.596,above,not_held,0.015,0.0,22.0,-0.0
18.632,above,not_held,0.015,0.0,25.0,-0.0
18.666,above,not_held,0.015,0.0,25.0,-0.0
18.705,above,not_held,0.015,0.0,25.0,-0.0
18.743,above,not_held,0.0143,0.0,25.0,-0.0
18.777,above,not_held,0.0143,0.0,25.0,-0.0
18.811,above,not_held,0.015,0.0,23.0,-0.0
18.846,above,not_held,0.015,0.0,23.0,-0.0
18.882,above,not_held,0.015,0.0,23.0,-0.0
18.920,above,not_held,0.0143,0.0,22.0,-0.0
18.959,above,not_held,0.0143,0.0,22.0,-0.0
18.995,above,not_held,0.0143,0.0,22.0,-0.0
19.031,above,not_held,0.015,0.0,22.0,-0.0
19.068,above,not_held,0.015,0.0,22.0,-0.0
19.107,above,not_held,0.015,0.0,22.0,-0.0
19.137,above,not_held,0.0143,0.0,18.0,-0.0
19.173,above,not_held,0.0143,0.0,18.0,-0.0
19.207,above,not_held,0.0143,0.0,19.0,-0.0
19.242,above,not_held,0.015,0.0,21.0,-0.0
19.279,above,not_held,0.015,0.0,21.0,-0.0
19.315,above,not_held,0.015,0.0,21.0,-0.0
19.352,above,not_held,0.015,0.0,20.0,-0.0
19.385,above,not_held,0.015,0.0,20.0,-0.0
19.423,above,not_held,0.015,0.0,20.0,-0.0
19.458,above,not_held,0.015,0.0,20.0,-0.0
19.491,above,not_held,0.015,0.0,20.0,-0.0
19.527,above,not_held,0.015,0.0,23.0,-0.0
19.562,above,not_held,0.015,0.0,23.0,-0.0
19.600,above,not_held,0.015,0.0,23.0,-0.0
19.635,above,not_held,0.015,0.0,23.0,-0.0
19.673,above,not_held,0.015,0.0,23.0,-0.0
19.707,above,not_held,0.015,0.0,23.0,-0.0
19.746,above,not_held,0.015,0.0,21.0,-0.0
19.783,above,not_held,0.015,0.0,21.0,-0.0
19.821,above,not_held,0.015,0.0,21.0,-0.0
19.856,above,not_held,0.015,0.0,22.0,-0.0
19.890,above,not_held,0.015,0.0,22.0,-0.0
19.925,above,not_held,0.015,0.0,22.0,-0.0
19.961,above,not_held,0.0143,0.0,18.0,-0.0
19.998,above,not_held,0.0143,0.0,18.0,-0.0
20.036,above,not_held,0.0143,0.0,18.0,-0.0
20.073,above,not_held,0.0143,0.0,24.0,-0.0
20.108,above,not_held,0.0143,0.0,24.0,-0.0
20.146,above,not_held,0.0143,0.0,22.0,-0.0
20.182,above,not_held,0.0143,0.0,22.0,-0.0
20.217,above,not_held,0.0143,0.0,22.0,-0.0
20.251,above,not_held,0.015,0.0,21.0,-0.0
20.290,above,not_held,0.015,0.0,21.0,-0.0
20.324,above,not_held,0.015,0.0,21.0,-0.0
20.358,above,not_held,0.0143,0.0,22.0,-0.0
20.391,above,not_held,0.0143,0.0,22.0,-0.0
20.428,above,not_held,0.0143,0.0,22.0,-0.0
20.463,above,not_held,0.015,0.0,25.0,-0.0
20.498,above,not_held,0.015,0.0,25.0,-0.0
20.532,above,not_held,0.015,0.0,25.0,-0.0
20.566,above,not_held,0.0143,0.0,19.0,-0.0
20.603,above,not_held,0.0143,0.0,19.0,-0.0
20.642,above,not_held,0.0143,0.0,19.0,-0.0
20.679,above,not_held,0.0143,0.0,21.0,-0.0
20.710,above,not_held,0.0143,0.0,21.0,-0.0
20.745,above,not_held,0.0143,0.0,21.0,-0.0
20.782,above,not_held,0.0143,0.0,21.0,-0.0
20.819,above,not_held,0.0143,0.0,21.0,-0.0
20.854,above,not_held,0.0143,0.0,21.0,-0.0
20.893,above,not_held,0.0143,0.0,26.0,-0.0
20.929,above,not_held,0.0143,0.0,26.0,-0.0
20.964,above,not_held,0.0143,0.0,21.0,-0.0
20.999,above,not_held,0.0143,0.0,21.0,-0.0
21.038,above,not_held,0.0143,0.0,21.0,-0.0
21.076,above,not_held,0.015,0.0,28.0,-0.0
21.112,above,not_held,0.015,0.0,28.0,-0.0
21.150,above,not_held,0.015,0.0,28.0,-0.0
21.189,above,not_held,0.0143,0.0,24.0,-0.0
21.224,above,not_held,0.0143,0.0,24.0,-0.0
21.262,above,not_held,0.0143,0.0,24.0,-0.0
21.296,above,not_held,0.0143,0.0,25.0,-0.0
21.334,above,not_held,0.0143,0.0,25.0,-0.0
21.373,above,not_held,0.0143,0.0,25.0,-0.0
21.407,above,not_held,0.015,0.0,22.0,-0.0
21.441,above,not_held,0.015,0.0,22.0,-0.0
21.480,above,not_held,0.015,0.0,22.0,-0.0
21.516,above,not_held,0.0143,0.0,24.0,-0.0
21.551,above,not_held,0.0143,0.0,24.0,-0.0
21.585,above,not_held,0.0143,0.0,24.0,-0.0
21.623,above,not_held,0.0143,0.0,20.0,-0.0
21.662,above,not_held,0.0143,0.0,20.0,-0.0
21.700,above,not_held,0.0143,0.0,20.0,-0.0
21.737,above,not_held,0.0143,0.0,20.0,-0.0
21.773,above,not_held,0.0143,0.0,20.0,-0.0
21.807,above,not_held,0.0143,0.0,22.0,-0.0
21.845,above,not_held,0.0143,0.0,22.0,-0.0
21.883,standoff,not_held,0.0143,0.0,22.0,-0.0
21.919,standoff,not_held,0.015,0.0,18.0,-0.0
21.957,standoff,not_held,0.015,0.0,18.0,-0.0
21.992,standoff,not_held,0.015,0.0,19.0,-0.0
22.028,standoff,not_held,0.015,0.0,19.0,-0.0
22.066,standoff,not_held,0.015,0.0,19.0,-0.0
22.100,standoff,not_held,0.015,0.0,19.0,-0.0
22.136,standoff,not_held,0.015,0.0,19.0,-0.0
22.172,standoff,not_held,0.015,0.0,19.0,-0.0
22.208,standoff,not_held,0.015,0.0,18.0,-0.0
22.244,standoff,not_held,0.015,0.0,18.0,-0.0
22.277,standoff,not_held,0.015,0.0,18.0,-0.0
22.315,standoff,not_held,0.0143,0.0,18.0,-0.0
22.351,standoff,not_held,0.0143,0.0,18.0,-0.0
22.390,standoff,not_held,0.0143,0.0,18.0,-0.0
22.423,standoff,not_held,0.015,0.0,22.0,-0.0
22.457,standoff,not_held,0.015,0.0,22.0,-0.0
22.493,standoff,not_held,0.015,0.0,22.0,-0.0
22.526,standoff,not_held,0.0143,0.0,18.0,-0.0
22.562,standoff,not_held,0.0143,0.0,18.0,-0.0
22.597,standoff,not_held,0.0143,0.0,18.0,-0.0
22.632,standoff,not_held,0.015,0.0,23.0,-0.0
22.669,standoff,not_held,0.015,0.0,23.0,-0.0
22.706,standoff,not_held,0.015,0.0,23.0,-0.0
22.740,standoff,not_held,0.015,0.0,23.0,-0.0
22.777,standoff,not_held,0.015,0.0,23.0,-0.0
22.810,standoff,not_held,0.015,0.0,25.0,-0.0
22.848,standoff,not_held,0.015,0.0,25.0,-0.0
22.884,standoff,not_held,0.015,0.0,25.0,-0.0
22.918,standoff,not_held,0.015,0.0,20.0,-0.0
22.956,standoff,not_held,0.015,0.0,20.0,-0.0
22.990,standoff,not_held,0.015,0.0,20.0,-0.0
23.024,standoff,not_held,0.0143,0.0,20.0,-0.0
23.063,standoff,not_held,0.0143,0.0,20.0,-0.0
23.102,standoff,not_held,0.0143,0.0,20.0,-0.0
23.135,standoff,not_held,0.0143,0.0,22.0,-0.0
23.169,standoff,not_held,0.0143,0.0,22.0,-0.0
23.202,standoff,not_held,0.0143,0.0,22.0,-0.0
23.239,standoff,not_held,0.015,0.0,21.0,-0.0
23.274,standoff,not_held,0.015,0.0,21.0,-0.0
23.309,standoff,not_held,0.015,0.0,20.0,-0.0
23.345,standoff,not_held,0.015,0.0,21.0,-0.0
23.381,standoff,not_held,0.015,0.0,21.0,-0.0
23.415,standoff,not_held,0.015,0.0,21.0,-0.0
23.451,standoff,not_held,0.015,0.0,22.0,-0.0
23.486,standoff,not_held,0.015,0.0,22.0,-0.0
23.524,standoff,not_held,0.015,0.0,22.0,-0.0
23.558,standoff,not_held,0.015,0.0,22.0,-0.0
23.591,standoff,not_held,0.015,0.0,22.0,-0.0
23.625,standoff,not_held,0.015,0.0,22.0,-0.0
23.661,reach_in,not_held,0.015,0.0,21.0,-0.0
23.696,reach_in,not_held,0.015,0.0,21.0,-0.0
23.735,reach_in,not_held,0.015,0.0,21.0,-0.0
23.771,reach_in,not_held,0.015,0.0,26.0,-0.0
23.805,reach_in,not_held,0.015,0.0,26.0,-0.0
23.842,reach_in,not_held,0.015,0.0,25.0,-0.0
23.880,reach_in,not_held,0.015,0.0,25.0,-0.0
23.914,reach_in,not_held,0.015,0.0,25.0,-0.0
23.952,reach_in,not_held,0.015,0.0,21.0,-0.0
23.990,reach_in,not_held,0.015,0.0,21.0,-0.0
24.024,reach_in,not_held,0.015,0.0,21.0,-0.0
24.058,reach_in,not_held,0.0143,0.0,19.0,-0.0
24.097,reach_in,not_held,0.0143,0.0,19.0,-0.0
24.136,reach_in,not_held,0.0143,0.0,19.0,-0.0
24.172,reach_in,not_held,0.0143,0.0,23.0,-0.0
24.208,reach_in,not_held,0.0143,0.0,23.0,-0.0
24.247,reach_in,not_held,0.0143,0.0,24.0,-0.0
24.282,reach_in,not_held,0.0143,0.0,24.0,-0.0
24.316,reach_in,not_held,0.0143,0.0,24.0,-0.0
24.350,reach_in,not_held,0.0143,0.0,24.0,-0.0
24.385,reach_in,not_held,0.0143,0.0,19.0,-0.0
24.424,reach_in,not_held,0.0143,0.0,19.0,-0.0
24.457,reach_in,not_held,0.0143,0.0,25.0,-0.0
24.490,reach_in,not_held,0.0143,0.0,25.0,-0.0
24.526,reach_in,not_held,0.0143,0.0,25.0,-0.0
24.564,reach_in,not_held,0.015,0.0,22.0,-0.0
24.598,reach_in,not_held,0.015,0.0,22.0,-0.0
24.636,reach_in,not_held,0.015,0.0,22.0,-0.0
24.674,reach_in,not_held,0.015,0.0,23.0,-0.0
24.710,reach_in,not_held,0.015,0.0,23.0,-0.0
24.744,reach_in,not_held,0.015,0.0,23.0,-0.0
24.779,reach_in,not_held,0.015,0.0,22.0,-0.0
24.815,reach_in,not_held,0.015,0.0,22.0,-0.0
24.853,reach_in,not_held,0.015,0.0,22.0,-0.0
24.890,reach_in,not_held,0.0143,0.0,21.0,-0.0
24.926,reach_in,not_held,0.0143,0.0,21.0,-0.0
24.959,reach_in,not_held,0.0143,0.0,21.0,-0.0
24.994,reach_in,not_held,0.0143,0.0,25.0,-0.0
25.031,reach_in,not_held,0.0143,0.0,25.0,-0.0
25.065,reach_in,not_held,0.0143,0.0,25.0,-0.0
25.100,reach_in,not_held,0.0143,0.0,22.0,-0.0
25.138,reach_in,not_held,0.0143,0.0,22.0,-0.0
25.172,reach_in,not_held,0.015,0.0,21.0,-0.0
25.207,reach_in,not_held,0.015,0.0,21.0,-0.0
25.244,reach_in,not_held,0.015,0.0,21.0,-0.0
25.280,reach_in,not_held,0.0143,0.0,21.0,-0.0
25.313,reach_in,not_held,0.0143,0.0,21.0,-0.0
25.352,reach_in,not_held,0.0143,0.0,21.0,-0.0
25.390,reach_in,not_held,0.015,0.0,22.0,-0.0
25.423,reach_in,not_held,0.015,0.0,22.0,-0.0
25.459,reach_in,not_held,0.015,0.0,22.0,-0.0
25.492,reach_in,not_held,0.015,0.0,26.0,-0.0
25.531,reach_in,not_held,0.015,0.0,26.0,-0.0
25.565,reach_in,not_held,0.015,0.0,26.0,-0.0
25.599,reach_in,not_held,0.0143,0.0,24.0,-0.0
25.635,reach_in,not_held,0.0143,0.0,24.0,-0.0
25.673,reach_in,not_held,0.0143,0.0,24.0,-0.0
25.707,reach_in,not_held,0.015,0.0,23.0,-0.0
25.743,reach_in,not_held,0.015,0.0,23.0,-0.0
25.781,reach_in,not_held,0.015,0.0,23.0,-0.0
25.815,reach_in,not_held,0.015,0.0,23.0,-0.0
25.848,reach_in,not_held,0.015,0.0,23.0,-0.0
25.885,reach_in,not_held,0.015,0.0,23.0,-0.0
25.923,reach_in,not_held,0.0143,0.0,24.0,-0.0
25.957,reach_in,not_held,0.0143,0.0,24.0,-0.0
25.993,reach_in,not_held,0.0143,0.0,21.0,-0.0
26.031,reach_in,not_held,0.0143,0.0,21.0,-0.0
26.067,reach_in,not_held,0.0143,0.0,21.0,-0.0
26.101,reach_in,not_held,0.0143,0.0,23.0,-0.0
26.140,reach_in,not_held,0.0143,0.0,23.0,-0.0
26.176,reach_in,not_held,0.0143,0.0,23.0,-0.0
26.210,reach_in,not_held,0.0143,0.0,18.0,-0.0
26.248,reach_in,not_held,0.0143,0.0,18.0,-0.0
26.282,reach_in,not_held,0.0143,0.0,18.0,-0.0
26.318,reach_in,not_held,0.015,0.0,24.0,-0.0
26.358,reach_in,not_held,0.015,0.0,24.0,-0.0
26.391,reach_in,not_held,0.015,0.0,24.0,-0.0
26.428,reach_in,not_held,0.015,0.0,21.0,-0.0
26.467,reach_in,not_held,0.015,0.0,21.0,-0.0
26.501,reach_in,not_held,0.015,0.0,21.0,-0.0
26.534,reach_in,not_held,0.015,0.0,22.0,-0.0
26.568,reach_in,not_held,0.015,0.0,22.0,-0.0
26.602,reach_in,not_held,0.0143,0.0,25.0,-0.0
26.640,reach_in,not_held,0.0143,0.0,25.0,-0.0
26.676,reach_in,not_held,0.0143,0.0,25.0,-0.0
26.715,reach_in,not_held,0.015,0.0,17.0,-0.0
26.750,reach_in,not_held,0.015,0.0,17.0,-0.0
26.789,reach_in,not_held,0.015,0.0,17.0,-0.0
26.826,reach_in,not_held,0.015,0.0,23.0,-0.0
26.862,reach_in,not_held,0.015,0.0,23.0,-0.0
26.898,reach_in,not_held,0.015,0.0,23.0,-0.0
26.933,reach_in,not_held,0.015,0.0,17.0,-0.0
26.967,reach_in,not_held,0.015,0.0,17.0,-0.0
27.002,reach_in,not_held,0.015,0.0,17.0,-0.0
27.040,reach_in,not_held,0.015,0.0,25.0,-0.0
27.075,reach_in,not_held,0.015,0.0,25.0,-0.0
27.109,reach_in,not_held,0.015,0.0,25.0,-0.0
27.142,reach_in,not_held,0.015,0.0,21.0,-0.0
27.177,reach_in,not_held,0.015,0.0,21.0,-0.0
27.211,reach_in,not_held,0.015,0.0,22.0,-0.0
27.245,reach_in,not_held,0.015,0.0,26.0,-0.0
27.283,reach_in,not_held,0.015,0.0,26.0,-0.0
27.319,reach_in,not_held,0.015,0.0,25.0,-0.0
27.357,reach_in,not_held,0.0143,0.0,26.0,-0.0
27.393,reach_in,not_held,0.0143,0.0,26.0,-0.0
27.429,reach_in,not_held,0.0143,0.0,24.0,-0.0
27.465,reach_in,not_held,0.0143,0.0,24.0,-0.0
27.499,reach_in,not_held,0.0143,0.0,24.0,-0.0
27.537,reach_in,not_held,0.015,0.0,17.0,-0.0
27.574,reach_in,not_held,0.015,0.0,17.0,-0.0
27.608,reach_in,not_held,0.015,0.0,17.0,-0.0
27.641,reach_in,not_held,0.015,0.0,27.0,-0.0
27.675,reach_in,not_held,0.015,0.0,27.0,-0.0
27.709,reach_in,not_held,0.015,0.0,27.0,-0.0
27.743,reach_in,not_held,0.015,0.0,20.0,-0.0
27.778,reach_in,not_held,0.015,0.0,20.0,-0.0
27.817,reach_in,not_held,0.015,0.0,20.0,-0.0
27.850,reach_in,not_held,0.0143,0.0,24.0,-0.0
27.889,reach_in,not_held,0.0143,0.0,24.0,-0.0
27.926,reach_in,not_held,0.0143,0.0,24.0,-0.0
27.962,reach_in,not_held,0.015,0.0,21.0,-0.0
28.000,reach_in,not_held,0.015,0.0,21.0,-0.0
28.033,reach_in,not_held,0.015,0.0,21.0,-0.0
28.070,reach_in,not_held,0.0143,0.0,18.0,-0.0
28.108,reach_in,not_held,0.0143,0.0,18.0,-0.0
28.143,reach_in,not_held,0.015,0.0,22.0,-0.0
28.181,reach_in,not_held,0.015,0.0,22.0,-0.0
28.215,reach_in,not_held,0.015,0.0,22.0,-0.0
28.250,reach_in,not_held,0.015,0.0,24.0,-0.0
28.286,reach_in,not_held,0.015,0.0,24.0,-0.0
28.320,reach_in,not_held,0.015,0.0,24.0,-0.0
28.358,reach_in,not_held,0.0143,0.0,22.0,-0.0
28.392,reach_in,not_held,0.0143,0.0,22.0,-0.0
28.426,reach_in,not_held,0.0143,0.0,22.0,-0.0
28.464,close,not_held,0.015,0.0278,22.0,-0.0
28.498,close,uncertain,0.015,0.0556,22.0,-0.0
28.532,close,uncertain,0.015,0.0833,22.0,-0.0
28.570,close,uncertain,0.0218,0.1111,46.0,-0.0235
28.607,close,uncertain,0.0218,0.1389,46.0,-0.0235
28.646,close,uncertain,0.0293,0.1667,75.0,-0.0706
28.682,close,uncertain,0.0564,0.1944,52.0,-0.3523
28.721,close,uncertain,0.0564,0.2222,52.0,-0.3523
28.757,close,uncertain,0.0684,0.25,123.0,-0.4113
28.794,close,uncertain,0.0992,0.2778,229.0,-0.5052
28.830,close,uncertain,0.0992,0.3056,229.0,-0.5052
28.866,close,uncertain,0.1451,0.3333,360.0,-0.5289
28.904,close,uncertain,0.1451,0.3611,360.0,-0.5289
28.938,close,uncertain,0.1451,0.3889,360.0,-0.5289
28.977,close,uncertain,0.1715,0.4167,365.0,-0.5996
29.013,close,uncertain,1.0,0.4444,457.0,-0.5879
29.051,close,uncertain,1.0,0.4722,392.0,-0.5761
29.085,close,uncertain,0.2414,0.5,158.0,-0.3414
29.125,close,uncertain,0.2414,0.5278,158.0,-0.3414
29.157,close,uncertain,0.2655,0.5556,291.0,-0.3296
29.196,close,uncertain,0.3083,0.5833,587.0,-0.7873
29.229,close,uncertain,0.3083,0.6111,587.0,-0.7873
29.266,close,uncertain,0.3498,0.6389,554.0,-0.9524
29.299,close,uncertain,0.3881,0.6667,559.0,-0.7881
29.335,close,uncertain,0.3881,0.6944,559.0,-0.7881
29.373,close,uncertain,0.4251,0.7222,573.0,-0.7645
29.406,close,uncertain,0.4649,0.75,598.0,-0.7645
29.444,close,uncertain,0.4649,0.7778,598.0,-0.7645
29.482,close,uncertain,0.5378,0.8056,544.0,-0.741
29.518,close,uncertain,0.5378,0.8333,544.0,-0.741
29.557,close,uncertain,0.5673,0.8611,479.0,-0.6703
29.592,close,uncertain,0.5673,0.8889,479.0,-0.6703
29.627,close,uncertain,1.0,0.9167,494.0,-0.5177
29.665,close,uncertain,1.0,0.9444,435.0,-0.3408
29.698,close,held,0.6086,0.9722,434.0,-0.2
29.733,close,held,0.6086,1.0,434.0,-0.2
29.771,close,held,0.6124,1.0,408.0,-0.1175
29.806,close,held,0.6124,1.0,409.0,-0.0236
29.843,close,held,0.6124,1.0,409.0,-0.0236
29.880,close,held,0.6131,1.0,406.0,-0.0118
29.918,close,held,0.6131,1.0,405.0,-0.0118
29.951,close,held,0.6131,1.0,405.0,-0.0118
29.986,close,held,0.6146,1.0,416.0,-0.0
30.024,close,held,0.6327,1.0,639.0,-0.1408
30.058,close,held,0.6327,1.0,639.0,-0.1408
30.092,close,held,0.6485,1.0,678.0,-0.3059
30.126,close,held,0.6643,1.0,842.0,-0.2942
30.161,close,held,0.6643,1.0,842.0,-0.2942
30.199,close,held,0.6778,1.0,822.0,-0.1177
30.234,close,held,0.6778,1.0,822.0,-0.1177
30.267,close,held,0.6778,1.0,822.0,-0.1177
30.302,close,held,0.6793,1.0,804.0,-0.047
30.340,close,held,0.6801,1.0,773.0,-0.0118
30.375,close,held,0.6801,1.0,773.0,-0.0118
30.414,close,held,0.6816,1.0,769.0,-0.0118
30.449,close,held,0.6771,1.0,301.0,0.0821
30.482,close,held,0.6771,1.0,301.0,0.0821
30.521,close,held,0.6771,1.0,300.0,-0.0
30.558,close,held,0.6771,1.0,300.0,-0.0
30.593,close,held,0.6771,1.0,300.0,-0.0
30.631,close,held,0.6771,1.0,300.0,-0.0
30.668,close,held,0.6771,1.0,300.0,-0.0
30.704,close,held,0.6771,1.0,299.0,-0.0
30.742,close,held,0.6771,1.0,299.0,-0.0
30.779,close,held,0.6771,1.0,299.0,-0.0
30.817,close,held,0.6771,1.0,299.0,-0.0
30.853,close,held,0.6771,1.0,300.0,-0.0
30.890,close,held,0.6771,1.0,300.0,-0.0
30.924,close,held,0.6771,1.0,300.0,-0.0
30.962,close,held,0.6771,1.0,300.0,-0.0
31.001,close,held,0.6771,1.0,300.0,-0.0
31.039,close,held,0.6771,1.0,299.0,-0.0
31.074,close,held,0.6771,1.0,299.0,-0.0
31.112,close,held,0.6771,1.0,299.0,-0.0
31.146,close,held,0.6771,1.0,299.0,-0.0
31.181,close,held,0.6771,1.0,299.0,-0.0
31.219,close,held,0.6771,1.0,299.0,-0.0
31.258,close,held,0.6771,1.0,300.0,-0.0
31.296,close,held,0.6771,1.0,300.0,-0.0
31.332,close,held,0.6771,1.0,300.0,-0.0
31.367,close,held,0.6771,1.0,299.0,-0.0
31.401,close,held,0.6771,1.0,299.0,-0.0
31.436,close,held,0.6771,1.0,299.0,-0.0
31.472,close,held,0.6771,1.0,298.0,-0.0
31.514,lift,held,0.6771,1.0,298.0,-0.0
31.545,lift,held,0.6771,1.0,299.0,-0.0
31.582,lift,held,0.6771,1.0,299.0,-0.0
31.616,lift,held,0.6771,1.0,299.0,-0.0
31.651,lift,held,0.6771,1.0,299.0,-0.0
31.684,lift,held,0.6771,1.0,299.0,-0.0
31.719,lift,held,0.6771,1.0,299.0,-0.0
31.757,lift,held,0.6771,1.0,299.0,-0.0
31.795,lift,held,0.6771,1.0,299.0,-0.0
31.828,lift,held,0.6771,1.0,299.0,-0.0
31.866,lift,held,0.6771,1.0,299.0,-0.0
31.901,lift,held,0.6771,1.0,299.0,-0.0
31.935,lift,held,0.6771,1.0,299.0,-0.0
31.974,lift,held,0.6771,1.0,299.0,-0.0
32.006,lift,held,0.6771,1.0,299.0,-0.0
32.039,lift,held,0.6771,1.0,299.0,-0.0
32.078,lift,held,0.6771,1.0,300.0,-0.0
32.116,lift,held,0.6771,1.0,300.0,-0.0
32.152,lift,held,0.6771,1.0,300.0,-0.0
32.188,lift,held,0.6771,1.0,299.0,-0.0
32.226,lift,held,0.6771,1.0,299.0,-0.0
32.265,lift,held,0.6771,1.0,300.0,-0.0
32.304,lift,held,0.6771,1.0,301.0,-0.0
32.341,lift,held,0.6771,1.0,301.0,-0.0
32.374,lift,held,0.6778,1.0,300.0,-0.0
32.412,lift,held,0.6778,1.0,300.0,-0.0
32.450,lift,held,0.6778,1.0,299.0,-0.0
32.484,lift,held,0.6778,1.0,300.0,-0.0
32.518,lift,held,0.6778,1.0,300.0,-0.0
32.555,lift,held,0.6778,1.0,300.0,-0.0
32.593,lift,held,0.6778,1.0,299.0,-0.0
32.628,lift,held,0.6778,1.0,299.0,-0.0
32.661,lift,held,0.6771,1.0,299.0,-0.0
32.695,lift,held,0.6771,1.0,300.0,-0.0
32.732,lift,held,0.6771,1.0,300.0,-0.0
32.769,lift,held,0.6778,1.0,300.0,-0.0
32.807,lift,held,0.6778,1.0,300.0,-0.0
32.841,lift,held,0.6778,1.0,300.0,-0.0
32.880,lift,held,0.6778,1.0,299.0,-0.0
32.914,lift,held,0.6778,1.0,299.0,-0.0
32.952,lift,held,0.6778,1.0,299.0,-0.0
32.989,lift,held,0.6778,1.0,299.0,-0.0
33.027,lift,held,0.6778,1.0,299.0,-0.0
33.065,lift,held,0.6778,1.0,299.0,-0.0
33.101,lift,held,0.6778,1.0,299.0,-0.0
33.135,lift,held,0.6778,1.0,299.0,-0.0
33.173,lift,held,0.6778,1.0,299.0,-0.0
33.207,lift,held,0.6778,1.0,299.0,-0.0
33.241,lift,held,0.6778,1.0,299.0,-0.0
33.275,lift,held,0.6778,1.0,299.0,-0.0
33.313,lift,held,0.6778,1.0,299.0,-0.0
33.351,lift,held,0.6778,1.0,299.0,-0.0
33.385,lift,held,0.6778,1.0,299.0,-0.0
33.423,lift,held,0.6778,1.0,299.0,-0.0
33.461,lift,held,0.6778,1.0,299.0,-0.0
33.500,lift,held,0.6778,1.0,299.0,-0.0
33.537,lift,held,0.6778,1.0,299.0,-0.0
33.575,lift,held,0.6778,1.0,299.0,-0.0
33.613,lift,held,0.6778,1.0,300.0,-0.0
33.651,lift,held,0.6778,1.0,300.0,-0.0
33.690,lift,held,0.6778,1.0,300.0,-0.0
33.724,lift,held,0.6778,1.0,300.0,-0.0
33.759,lift,held,0.6778,1.0,300.0,-0.0
33.795,lift,held,0.6778,1.0,300.0,-0.0
33.830,lift,held,0.6778,1.0,300.0,-0.0
33.867,lift,held,0.6778,1.0,300.0,-0.0
33.905,lift,held,0.6778,1.0,299.0,-0.0
33.942,lift,held,0.6778,1.0,299.0,-0.0
33.977,lift,held,0.6778,1.0,299.0,-0.0
34.010,lift,held,0.6778,1.0,300.0,-0.0
34.046,lift,held,0.6778,1.0,300.0,-0.0
34.081,lift,held,0.6778,1.0,300.0,-0.0
34.118,lift,held,0.6778,1.0,299.0,-0.0
34.151,lift,held,0.6778,1.0,299.0,-0.0
34.185,lift,held,0.6778,1.0,299.0,-0.0
34.220,lift,held,0.6778,1.0,300.0,-0.0
34.257,lift,held,0.6778,1.0,300.0,-0.0
34.292,lift,held,0.6778,1.0,300.0,-0.0
34.326,lift,held,0.6778,1.0,299.0,-0.0
34.360,lift,held,0.6778,1.0,299.0,-0.0
34.398,lift,held,0.6778,1.0,299.0,-0.0
34.435,lift,held,0.6778,1.0,300.0,-0.0
34.470,lift,held,0.6778,1.0,300.0,-0.0
34.508,lift,held,0.6778,1.0,300.0,-0.0
34.542,lift,held,0.6778,1.0,300.0,-0.0
34.576,lift,held,0.6778,1.0,300.0,-0.0
34.612,lift,held,0.6778,1.0,300.0,-0.0
34.647,lift,held,0.6778,1.0,299.0,-0.0
34.685,lift,held,0.6778,1.0,299.0,-0.0
34.719,lift,held,0.6771,1.0,300.0,-0.0
34.758,lift,held,0.6771,1.0,300.0,-0.0
34.792,lift,held,0.6771,1.0,300.0,-0.0
34.831,lift,held,0.6778,1.0,299.0,-0.0
34.865,lift,held,0.6778,1.0,299.0,-0.0
34.899,lift,held,0.6778,1.0,299.0,-0.0
34.935,lift,held,0.6778,1.0,299.0,-0.0
34.968,lift,held,0.6778,1.0,299.0,-0.0
35.003,lift,held,0.6778,1.0,299.0,-0.0
35.039,lift,held,0.6778,1.0,299.0,-0.0
35.073,lift,held,0.6778,1.0,299.0,-0.0
35.107,lift,held,0.6778,1.0,299.0,-0.0
35.142,lift,held,0.6778,1.0,299.0,-0.0
35.180,lift,held,0.6778,1.0,299.0,-0.0
35.215,lift,held,0.6778,1.0,300.0,-0.0
35.250,lift,held,0.6778,1.0,300.0,-0.0
35.288,lift,held,0.6778,1.0,300.0,-0.0
35.324,lift,held,0.6778,1.0,299.0,-0.0
35.357,lift,held,0.6778,1.0,299.0,-0.0
35.392,lift,held,0.6778,1.0,299.0,-0.0
35.427,lift,held,0.6778,1.0,299.0,-0.0
35.461,lift,held,0.6778,1.0,300.0,-0.0
35.498,lift,held,0.6778,1.0,300.0,-0.0
35.533,lift,held,0.6778,1.0,300.0,-0.0
35.567,lift,held,0.6778,1.0,299.0,-0.0
35.601,lift,held,0.6778,1.0,299.0,-0.0
35.636,lift,held,0.6778,1.0,299.0,-0.0
35.674,lift,held,0.6778,1.0,300.0,-0.0
35.709,lift,held,0.6778,1.0,300.0,-0.0
35.745,lift,held,0.6778,1.0,299.0,-0.0
35.779,lift,held,0.6778,1.0,299.0,-0.0
35.816,lift,held,0.6778,1.0,299.0,-0.0
35.850,lift,held,0.6778,1.0,299.0,-0.0
35.885,lift,held,0.6778,1.0,299.0,-0.0
35.918,lift,held,0.6778,1.0,299.0,-0.0
35.957,lift,held,0.6778,1.0,299.0,-0.0
35.992,lift,held,0.6778,1.0,299.0,-0.0
36.026,lift,held,0.6778,1.0,299.0,-0.0
36.062,lift,held,0.6778,1.0,300.0,-0.0
36.096,lift,held,0.6778,1.0,300.0,-0.0
36.133,lift,held,0.6778,1.0,300.0,-0.0
36.169,lift,held,0.6778,1.0,300.0,-0.0
36.204,lift,held,0.6778,1.0,300.0,-0.0
36.242,lift,held,0.6778,1.0,301.0,-0.0
36.281,lift,held,0.6778,1.0,301.0,-0.0
36.315,lift,held,0.6778,1.0,301.0,-0.0
36.349,lift,held,0.6778,1.0,301.0,-0.0
36.387,lift,held,0.6778,1.0,301.0,-0.0
36.424,lift,held,0.6778,1.0,301.0,-0.0
36.459,lift,held,0.6778,1.0,301.0,-0.0
36.494,lift,held,0.6778,1.0,301.0,-0.0
36.530,lift,held,0.6778,1.0,301.0,-0.0
36.564,lift,held,0.6778,1.0,300.0,-0.0
36.598,lift,held,0.6778,1.0,300.0,-0.0
36.632,lift,held,0.6778,1.0,300.0,-0.0
36.668,lift,held,0.6778,1.0,299.0,-0.0
36.702,lift,held,0.6778,1.0,299.0,-0.0
36.741,lift,held,0.6778,1.0,299.0,-0.0
36.778,lift,held,0.6778,1.0,300.0,-0.0
36.816,lift,held,0.6778,1.0,300.0,-0.0
36.850,lift,held,0.6778,1.0,300.0,-0.0
36.885,lift,held,0.6778,1.0,300.0,-0.0
36.920,lift,held,0.6778,1.0,300.0,-0.0
36.955,lift,held,0.6778,1.0,300.0,-0.0
36.989,lift,held,0.6778,1.0,299.0,-0.0
37.026,lift,held,0.6778,1.0,299.0,-0.0
37.061,lift,held,0.6778,1.0,299.0,-0.0
37.096,lift,held,0.6778,1.0,299.0,-0.0
37.132,lift,held,0.6778,1.0,299.0,-0.0
37.166,lift,held,0.6778,1.0,299.0,-0.0
37.202,lift,held,0.6778,1.0,299.0,-0.0
37.235,lift,held,0.6778,1.0,299.0,-0.0
37.269,lift,held,0.6778,1.0,299.0,-0.0
37.308,lift,held,0.6778,1.0,300.0,-0.0
37.344,lift,held,0.6778,1.0,300.0,-0.0
37.378,lift,held,0.6778,1.0,300.0,-0.0
37.417,lift,held,0.6778,1.0,298.0,-0.0
37.451,lift,held,0.6778,1.0,298.0,-0.0
37.487,lift,held,0.6778,1.0,298.0,-0.0
37.521,lift,held,0.6778,1.0,299.0,-0.0
37.557,lift,held,0.6778,1.0,299.0,-0.0
37.591,lift,held,0.6778,1.0,299.0,-0.0
37.625,lift,held,0.6778,1.0,299.0,-0.0
37.663,lift,held,0.6778,1.0,299.0,-0.0
37.697,lift,held,0.6778,1.0,299.0,-0.0
37.734,lift,held,0.6778,1.0,299.0,-0.0
42.554,hold,held,0.6778,1.0,299.0,-0.0
42.560,hold,held,0.6778,1.0,300.0,-0.0
42.593,hold,held,0.6778,1.0,300.0,-0.0
42.630,hold,held,0.6778,1.0,300.0,-0.0
42.665,hold,held,0.6778,1.0,299.0,-0.0
42.702,hold,held,0.6778,1.0,299.0,-0.0
42.741,hold,held,0.6778,1.0,399.0,-0.0
42.775,hold,held,0.6778,1.0,399.0,-0.0
42.813,hold,held,0.6778,1.0,399.0,-0.0
42.851,hold,held,0.6778,1.0,399.0,-0.0
42.890,hold,held,0.6778,1.0,399.0,-0.0
42.925,hold,held,0.6778,1.0,399.0,-0.0
42.959,hold,held,0.6778,1.0,399.0,-0.0
42.993,hold,held,0.6778,1.0,399.0,-0.0
43.031,hold,held,0.6778,1.0,399.0,-0.0
43.069,hold,held,0.6778,1.0,399.0,-0.0
43.107,hold,held,0.6778,1.0,399.0,-0.0
43.140,hold,held,0.6778,1.0,399.0,-0.0
43.174,hold,held,0.6778,1.0,399.0,-0.0
43.212,hold,held,0.6778,1.0,399.0,-0.0
43.251,hold,held,0.6778,1.0,399.0,-0.0
43.290,hold,held,0.6778,1.0,399.0,-0.0
43.324,hold,held,0.6778,1.0,399.0,-0.0
43.358,hold,held,0.6778,1.0,400.0,-0.0
43.397,hold,held,0.6778,1.0,400.0,-0.0
43.435,hold,held,0.6778,1.0,400.0,-0.0
43.471,hold,held,0.6778,1.0,399.0,-0.0
43.509,hold,held,0.6778,1.0,399.0,-0.0
43.546,hold,held,0.6778,1.0,399.0,-0.0
43.583,hold,held,0.6778,1.0,300.0,-0.0
43.621,hold,held,0.6778,1.0,300.0,-0.0
43.658,hold,held,0.6778,1.0,300.0,-0.0
43.694,hold,held,0.6778,1.0,299.0,-0.0
43.730,hold,held,0.6778,1.0,299.0,-0.0
43.764,hold,held,0.6778,1.0,299.0,-0.0
43.803,hold,held,0.6778,1.0,299.0,-0.0
43.841,hold,held,0.6778,1.0,299.0,-0.0
43.879,hold,held,0.6778,1.0,299.0,-0.0
43.915,hold,held,0.6778,1.0,299.0,-0.0
43.952,hold,held,0.6778,1.0,299.0,-0.0
43.986,hold,held,0.6778,1.0,299.0,-0.0
44.019,hold,held,0.6778,1.0,299.0,-0.0
44.058,hold,held,0.6778,1.0,299.0,-0.0
44.091,hold,held,0.6778,1.0,299.0,-0.0
44.125,hold,held,0.6778,1.0,299.0,-0.0
44.159,hold,held,0.6778,1.0,300.0,-0.0
44.193,hold,held,0.6778,1.0,300.0,-0.0
44.231,hold,held,0.6778,1.0,300.0,-0.0
44.265,hold,held,0.6778,1.0,300.0,-0.0
44.303,hold,held,0.6778,1.0,301.0,-0.0
44.338,hold,held,0.6778,1.0,301.0,-0.0
44.373,hold,held,0.6778,1.0,300.0,-0.0
44.411,hold,held,0.6778,1.0,299.0,-0.0
44.446,hold,held,0.6778,1.0,299.0,-0.0
44.482,hold,held,0.6778,1.0,300.0,-0.0
44.520,hold,held,0.6778,1.0,300.0,-0.0
44.555,hold,held,0.6778,1.0,300.0,-0.0
44.591,hold,held,0.6778,1.0,300.0,-0.0
44.625,hold,held,0.6778,1.0,299.0,-0.0
44.661,hold,held,0.6778,1.0,299.0,-0.0
44.699,hold,held,0.6778,1.0,299.0,-0.0
44.737,hold,held,0.6778,1.0,299.0,-0.0
44.774,hold,held,0.6778,1.0,299.0,-0.0
44.808,hold,held,0.6778,1.0,299.0,-0.0
44.846,hold,held,0.6778,1.0,299.0,-0.0
44.880,hold,held,0.6778,1.0,299.0,-0.0
44.923,carry,held,0.6778,1.0,300.0,-0.0
44.952,carry,held,0.6778,1.0,300.0,-0.0
44.986,carry,held,0.6778,1.0,300.0,-0.0
45.024,carry,held,0.6778,1.0,300.0,-0.0
45.059,carry,held,0.6778,1.0,300.0,-0.0
45.096,carry,held,0.6778,1.0,300.0,-0.0
45.130,carry,held,0.6778,1.0,299.0,-0.0
45.165,carry,held,0.6778,1.0,299.0,-0.0
45.201,carry,held,0.6778,1.0,299.0,-0.0
45.240,carry,held,0.6778,1.0,299.0,-0.0
45.275,carry,held,0.6778,1.0,299.0,-0.0
45.313,carry,held,0.6778,1.0,299.0,-0.0
45.348,carry,held,0.6778,1.0,299.0,-0.0
45.383,carry,held,0.6778,1.0,299.0,-0.0
45.418,carry,held,0.6786,1.0,300.0,-0.0
45.453,carry,held,0.6786,1.0,300.0,-0.0
45.490,carry,held,0.6778,1.0,300.0,-0.0
45.527,carry,held,0.6778,1.0,299.0,-0.0
45.565,carry,held,0.6778,1.0,299.0,-0.0
45.599,carry,held,0.6778,1.0,299.0,-0.0
45.633,carry,held,0.6778,1.0,299.0,-0.0
45.669,carry,held,0.6778,1.0,299.0,-0.0
45.706,carry,held,0.6778,1.0,299.0,-0.0
45.741,carry,held,0.6778,1.0,300.0,-0.0
45.775,carry,held,0.6778,1.0,300.0,-0.0
45.813,carry,held,0.6778,1.0,300.0,-0.0
45.851,carry,held,0.6778,1.0,300.0,-0.0
45.886,carry,held,0.6778,1.0,300.0,-0.0
45.924,carry,held,0.6778,1.0,299.0,-0.0
45.959,carry,held,0.6778,1.0,299.0,-0.0
45.994,carry,held,0.6778,1.0,299.0,-0.0
46.028,carry,held,0.6778,1.0,299.0,-0.0
46.063,carry,held,0.6778,1.0,299.0,-0.0
46.100,carry,held,0.6778,1.0,299.0,-0.0
46.135,carry,held,0.6778,1.0,299.0,-0.0
46.174,carry,held,0.6778,1.0,299.0,-0.0
46.208,carry,held,0.6778,1.0,299.0,-0.0
46.244,carry,held,0.6778,1.0,300.0,-0.0
46.281,carry,held,0.6778,1.0,300.0,-0.0
46.318,carry,held,0.6778,1.0,300.0,-0.0
46.357,carry,held,0.6778,1.0,300.0,-0.0
46.391,carry,held,0.6778,1.0,300.0,-0.0
46.424,carry,held,0.6778,1.0,300.0,-0.0
46.460,carry,held,0.6778,1.0,299.0,-0.0
46.493,carry,held,0.6778,1.0,299.0,-0.0
46.531,carry,held,0.6778,1.0,300.0,-0.0
46.566,carry,held,0.6778,1.0,300.0,-0.0
46.605,carry,held,0.6778,1.0,300.0,-0.0
46.639,carry,held,0.6778,1.0,300.0,-0.0
46.678,lower,held,0.6778,1.0,300.0,-0.0
46.712,lower,held,0.6778,1.0,300.0,-0.0
46.746,lower,held,0.6778,1.0,299.0,-0.0
46.780,lower,held,0.6778,1.0,299.0,-0.0
46.818,lower,held,0.6778,1.0,299.0,-0.0
46.852,lower,held,0.6778,1.0,299.0,-0.0
46.890,lower,held,0.6778,1.0,299.0,-0.0
46.924,lower,held,0.6778,1.0,299.0,-0.0
46.962,lower,held,0.6778,1.0,299.0,-0.0
46.996,lower,held,0.6778,1.0,299.0,-0.0
47.032,lower,held,0.6778,1.0,299.0,-0.0
47.066,lower,held,0.6778,1.0,299.0,-0.0
47.104,lower,held,0.6778,1.0,299.0,-0.0
47.141,lower,held,0.6778,1.0,299.0,-0.0
47.176,lower,held,0.6778,1.0,298.0,-0.0
47.212,lower,held,0.6778,1.0,298.0,-0.0
47.248,lower,held,0.6778,1.0,298.0,-0.0
47.283,lower,held,0.6778,1.0,300.0,-0.0
47.317,lower,held,0.6778,1.0,300.0,-0.0
47.352,lower,held,0.6778,1.0,301.0,-0.0
47.387,lower,held,0.6778,1.0,300.0,-0.0
47.424,lower,held,0.6778,1.0,300.0,-0.0
47.459,lower,held,0.6778,1.0,299.0,-0.0
47.496,lower,held,0.6778,1.0,299.0,-0.0
47.531,lower,held,0.6778,1.0,299.0,-0.0
47.567,lower,held,0.6778,1.0,299.0,-0.0
47.605,lower,held,0.6778,1.0,299.0,-0.0
47.641,lower,held,0.6778,1.0,299.0,-0.0
47.676,lower,held,0.6778,1.0,300.0,-0.0
47.710,lower,held,0.6778,1.0,300.0,-0.0
47.749,lower,held,0.6778,1.0,300.0,-0.0
47.787,lower,held,0.6778,1.0,300.0,-0.0
47.825,lower,held,0.6778,1.0,300.0,-0.0
47.863,lower,held,0.6778,1.0,300.0,-0.0
47.902,lower,held,0.6778,1.0,300.0,-0.0
47.936,lower,held,0.6778,1.0,300.0,-0.0
47.975,lower,held,0.6778,1.0,299.0,-0.0
48.011,lower,held,0.6778,1.0,299.0,-0.0
48.049,lower,held,0.6778,1.0,299.0,-0.0
48.087,lower,held,0.6778,1.0,300.0,-0.0
48.124,lower,held,0.6778,1.0,300.0,-0.0
48.159,lower,held,0.6778,1.0,300.0,-0.0
48.197,lower,held,0.6778,1.0,299.0,-0.0
48.233,lower,held,0.6778,1.0,299.0,-0.0
48.268,lower,held,0.6778,1.0,300.0,-0.0
48.302,lower,held,0.6778,1.0,300.0,-0.0
48.342,lower,held,0.6778,1.0,300.0,-0.0
48.375,lower,held,0.6778,1.0,299.0,-0.0
48.412,lower,held,0.6778,1.0,299.0,-0.0
48.450,lower,held,0.6778,1.0,299.0,-0.0
48.484,lower,held,0.6778,1.0,300.0,-0.0
48.520,lower,held,0.6778,1.0,300.0,-0.0
48.554,lower,held,0.6778,1.0,300.0,-0.0
48.589,lower,held,0.6778,1.0,299.0,-0.0
48.627,lower,held,0.6778,1.0,299.0,-0.0
48.662,lower,held,0.6778,1.0,299.0,-0.0
48.696,lower,held,0.6778,1.0,300.0,-0.0
48.730,lower,held,0.6778,1.0,300.0,-0.0
48.765,lower,held,0.6778,1.0,300.0,-0.0
48.799,lower,held,0.6786,1.0,299.0,-0.0
48.835,lower,held,0.6786,1.0,299.0,-0.0
48.873,lower,held,0.6786,1.0,299.0,-0.0
48.909,lower,held,0.6778,1.0,300.0,-0.0
48.947,lower,held,0.6778,1.0,300.0,-0.0
48.981,lower,held,0.6786,1.0,300.0,-0.0
49.019,lower,held,0.6786,1.0,299.0,-0.0
49.057,lower,held,0.6786,1.0,299.0,-0.0
49.096,lower,held,0.6778,1.0,299.0,-0.0
49.130,lower,held,0.6778,1.0,300.0,-0.0
49.165,lower,held,0.6778,1.0,300.0,-0.0
49.202,lower,held,0.6778,1.0,300.0,-0.0
49.240,lower,held,0.6778,1.0,299.0,-0.0
49.275,lower,held,0.6778,1.0,299.0,-0.0
49.311,lower,held,0.6778,1.0,300.0,-0.0
49.346,lower,held,0.6778,1.0,300.0,-0.0
49.385,lower,held,0.6778,1.0,300.0,-0.0
49.420,lower,held,0.6778,1.0,299.0,-0.0
49.458,lower,held,0.6778,1.0,299.0,-0.0
49.492,lower,held,0.6778,1.0,299.0,-0.0
49.525,lower,held,0.6778,1.0,300.0,-0.0
49.564,lower,held,0.6778,1.0,300.0,-0.0
49.600,lower,held,0.6778,1.0,300.0,-0.0
49.634,lower,held,0.6778,1.0,299.0,-0.0
49.672,lower,held,0.6778,1.0,299.0,-0.0
49.710,lower,held,0.6778,1.0,299.0,-0.0
49.747,lower,held,0.6778,1.0,299.0,-0.0
49.780,lower,held,0.6778,1.0,299.0,-0.0
49.813,lower,held,0.6778,1.0,299.0,-0.0
49.848,lower,held,0.6778,1.0,300.0,-0.0
49.883,lower,held,0.6778,1.0,300.0,-0.0
49.921,lower,held,0.6778,1.0,300.0,-0.0
49.956,lower,held,0.6778,1.0,300.0,-0.0
49.991,lower,held,0.6778,1.0,300.0,-0.0
50.024,lower,held,0.6786,1.0,299.0,-0.0
50.063,lower,held,0.6786,1.0,299.0,-0.0
50.098,lower,held,0.6786,1.0,299.0,-0.0
50.132,lower,held,0.6778,1.0,299.0,-0.0
50.166,lower,held,0.6778,1.0,299.0,-0.0
50.203,lower,held,0.6778,1.0,299.0,-0.0
50.240,lower,held,0.6786,1.0,300.0,-0.0
50.274,lower,held,0.6786,1.0,300.0,-0.0
50.308,lower,held,0.6786,1.0,300.0,-0.0
50.347,lower,held,0.6778,1.0,300.0,-0.0
50.382,lower,held,0.6778,1.0,300.0,-0.0
50.418,lower,held,0.6778,1.0,300.0,-0.0
50.453,lower,held,0.6778,1.0,300.0,-0.0
50.491,lower,held,0.6778,1.0,300.0,-0.0
50.526,lower,held,0.6778,1.0,299.0,-0.0
50.562,lower,held,0.6778,1.0,300.0,-0.0
50.601,lower,held,0.6778,1.0,300.0,-0.0
50.639,lower,held,0.6778,1.0,300.0,-0.0
50.674,lower,held,0.6778,1.0,299.0,-0.0
50.709,lower,held,0.6778,1.0,299.0,-0.0
50.744,lower,held,0.6778,1.0,299.0,-0.0
50.779,lower,held,0.6778,1.0,299.0,-0.0
50.816,lower,held,0.6778,1.0,299.0,-0.0
50.853,lower,held,0.6778,1.0,300.0,-0.0
50.887,lower,held,0.6778,1.0,300.0,-0.0
50.922,lower,held,0.6778,1.0,300.0,-0.0
50.956,lower,held,0.6778,1.0,300.0,-0.0
50.994,lower,held,0.6778,1.0,300.0,-0.0
51.032,lower,held,0.6778,1.0,300.0,-0.0
51.071,lower,held,0.6778,1.0,299.0,-0.0
51.110,lower,held,0.6778,1.0,299.0,-0.0
51.149,lower,held,0.6778,1.0,299.0,-0.0
51.187,lower,held,0.6778,1.0,299.0,-0.0
51.224,lower,held,0.6778,1.0,299.0,-0.0
51.263,lower,held,0.6778,1.0,300.0,-0.0
51.301,lower,held,0.6778,1.0,300.0,-0.0
51.339,lower,held,0.6778,1.0,300.0,-0.0
51.377,lower,held,0.6778,1.0,300.0,-0.0
51.416,lower,held,0.6778,1.0,300.0,-0.0
51.451,lower,held,0.6778,1.0,300.0,-0.0
51.486,lower,held,0.6778,1.0,299.0,-0.0
51.523,lower,held,0.6778,1.0,299.0,-0.0
51.556,lower,held,0.6778,1.0,299.0,-0.0
51.595,lower,held,0.6778,1.0,299.0,-0.0
51.633,lower,held,0.6778,1.0,299.0,-0.0
51.667,lower,held,0.6778,1.0,301.0,-0.0
51.705,lower,held,0.6778,1.0,301.0,-0.0
51.744,lower,held,0.6778,1.0,301.0,-0.0
51.782,lower,held,0.6786,1.0,299.0,-0.0
51.816,lower,held,0.6786,1.0,299.0,-0.0
51.854,lower,held,0.6778,1.0,299.0,-0.0
51.890,lower,held,0.6778,1.0,299.0,-0.0
51.928,lower,held,0.6778,1.0,299.0,-0.0
51.962,lower,held,0.6778,1.0,299.0,-0.0
51.996,lower,held,0.6778,1.0,300.0,-0.0
52.035,lower,held,0.6778,1.0,300.0,-0.0
52.068,lower,held,0.6778,1.0,300.0,-0.0
52.102,lower,held,0.6778,1.0,299.0,-0.0
52.139,lower,held,0.6778,1.0,299.0,-0.0
52.173,lower,held,0.6778,1.0,299.0,-0.0
52.209,lower,held,0.6778,1.0,300.0,-0.0
52.243,lower,held,0.6778,1.0,300.0,-0.0
52.280,lower,held,0.6778,1.0,301.0,-0.0
52.314,lower,held,0.6778,1.0,300.0,-0.0
52.352,lower,held,0.6778,1.0,300.0,-0.0
52.390,lower,held,0.6778,1.0,300.0,-0.0
52.425,lower,held,0.6778,1.0,300.0,-0.0
52.461,lower,held,0.6778,1.0,300.0,-0.0
52.494,lower,held,0.6778,1.0,299.0,-0.0
52.532,lower,held,0.6778,1.0,299.0,-0.0
52.567,lower,held,0.6778,1.0,299.0,-0.0
52.605,lower,held,0.6778,1.0,299.0,-0.0
52.639,lower,held,0.6778,1.0,299.0,-0.0
52.675,lower,held,0.6778,1.0,299.0,-0.0
52.710,lower,held,0.6778,1.0,299.0,-0.0
52.749,lower,held,0.6778,1.0,299.0,-0.0
52.783,lower,held,0.6786,1.0,299.0,-0.0
52.822,lower,held,0.6786,1.0,299.0,-0.0
52.857,lower,held,0.6786,1.0,299.0,-0.0
52.892,lower,held,0.6778,1.0,299.0,-0.0
52.925,lower,held,0.6778,1.0,299.0,-0.0
52.959,lower,held,0.6778,1.0,299.0,-0.0
52.993,lower,held,0.6778,1.0,299.0,-0.0
53.032,lower,held,0.6778,1.0,300.0,-0.0
53.065,lower,held,0.6778,1.0,300.0,-0.0
53.102,lower,held,0.6786,1.0,299.0,-0.0
53.136,lower,held,0.6786,1.0,299.0,-0.0
53.173,lower,held,0.6786,1.0,299.0,-0.0
53.209,lower,held,0.6778,1.0,299.0,-0.0
53.247,lower,held,0.6778,1.0,299.0,-0.0
53.284,open,uncertain,0.6778,0.9722,299.0,-0.0
53.319,open,uncertain,0.6778,0.9444,300.0,-0.0
53.355,open,uncertain,0.6778,0.9167,300.0,-0.0
53.392,open,uncertain,0.6778,0.8889,299.0,-0.0
53.426,open,uncertain,0.6778,0.8611,299.0,-0.0
53.464,open,uncertain,0.6778,0.8333,299.0,-0.0
53.498,open,uncertain,0.6778,0.8056,299.0,-0.0
53.532,open,uncertain,0.6778,0.7778,300.0,-0.0
53.569,open,uncertain,0.6778,0.75,300.0,-0.0
53.604,open,uncertain,0.6748,0.7222,300.0,0.0118
53.641,open,uncertain,0.6636,0.6944,289.0,0.1409
53.676,open,uncertain,0.6636,0.6667,289.0,0.1409
53.714,open,uncertain,0.6613,0.6389,289.0,0.1409
53.748,open,uncertain,0.6508,0.6111,155.0,0.1761
53.782,open,uncertain,0.6508,0.5833,155.0,0.1761
53.820,open,uncertain,0.6523,0.5556,155.0,0.1643
53.854,open,uncertain,0.6771,0.5278,576.0,-0.2113
53.891,open,uncertain,0.6771,0.5,576.0,-0.2113
53.930,open,uncertain,0.6839,0.4722,584.0,-0.2584
53.965,open,uncertain,0.6748,0.4444,176.0,-0.0119
54.000,open,uncertain,0.6748,0.4167,176.0,-0.0119
54.036,open,uncertain,0.5561,0.3889,305.0,1.2096
54.072,open,uncertain,0.5561,0.3611,305.0,1.2096
54.110,open,uncertain,0.5561,0.3333,305.0,1.2096
54.147,open,uncertain,0.508,0.3056,392.0,0.5055
54.185,open,uncertain,0.508,0.2778,392.0,0.5055
54.218,open,uncertain,0.4786,0.25,420.0,0.5881
54.257,open,uncertain,0.4493,0.2222,456.0,0.6115
54.291,open,uncertain,0.4493,0.1944,456.0,0.6115
54.326,open,uncertain,0.4131,0.1667,456.0,0.6469
54.365,open,uncertain,0.377,0.1389,519.0,0.7291
54.399,open,uncertain,0.377,0.1111,519.0,0.7291
54.435,open,uncertain,0.3416,0.0833,542.0,0.7526
54.470,open,uncertain,0.3041,0.0556,547.0,0.7644
54.507,open,uncertain,0.3041,0.0278,547.0,0.7644
54.541,open,uncertain,0.2671,0.0,545.0,0.7762
54.577,open,uncertain,0.2288,0.0,563.0,0.7762
54.610,open,uncertain,0.2288,0.0,563.0,0.7762
54.645,open,uncertain,0.1543,0.0,436.0,0.7645
54.679,open,uncertain,0.1543,0.0,436.0,0.7645
54.715,open,uncertain,0.1543,0.0,436.0,0.7645
54.754,open,not_held,0.0994,0.0,309.0,0.5296
54.791,open,not_held,0.0994,0.0,309.0,0.5296
54.825,open,not_held,0.0994,0.0,309.0,0.5296
54.862,open,not_held,0.0693,0.0,194.0,0.2472
54.900,open,not_held,0.0693,0.0,194.0,0.2472
54.936,open,not_held,0.0587,0.0,180.0,0.1882
54.970,open,not_held,0.0534,0.0,145.0,0.1413
55.009,open,not_held,0.0534,0.0,145.0,0.1413
55.045,open,not_held,0.0467,0.0,131.0,0.1177
55.079,open,not_held,0.0437,0.0,105.0,0.0942
55.118,open,not_held,0.0437,0.0,105.0,0.0942
55.152,open,not_held,0.0399,0.0,97.0,0.0588
55.186,open,not_held,0.0376,0.0,86.0,0.0471
55.219,open,not_held,0.0376,0.0,86.0,0.0471
55.258,open,not_held,0.0346,0.0,82.0,0.0353
55.292,open,not_held,0.0339,0.0,67.0,0.0236
55.326,open,not_held,0.0339,0.0,67.0,0.0236
55.359,open,not_held,0.0308,0.0,63.0,0.0236
55.397,open,not_held,0.0301,0.0,53.0,0.0236
55.432,open,not_held,0.0301,0.0,53.0,0.0236
55.470,open,not_held,0.0271,0.0,54.0,0.0118
55.508,open,not_held,0.0271,0.0,54.0,0.0118
55.542,open,not_held,0.0271,0.0,54.0,0.0118
55.579,open,not_held,0.0263,0.0,30.0,0.0118
55.613,open,not_held,0.0263,0.0,30.0,0.0118
55.648,open,not_held,0.0263,0.0,30.0,0.0118
55.685,open,not_held,0.0256,0.0,50.0,-0.0
55.724,open,not_held,0.0256,0.0,50.0,-0.0
55.757,open,not_held,0.0248,0.0,50.0,-0.0
55.796,open,not_held,0.0241,0.0,46.0,-0.0
55.831,open,not_held,0.0241,0.0,46.0,-0.0
55.865,open,not_held,0.0233,0.0,46.0,-0.0
55.903,open,not_held,0.0233,0.0,43.0,-0.0
55.942,open,not_held,0.0233,0.0,43.0,-0.0
55.976,open,not_held,0.0226,0.0,43.0,-0.0
56.011,open,not_held,0.0226,0.0,43.0,-0.0
56.044,open,not_held,0.0226,0.0,43.0,-0.0
56.081,open,not_held,0.0218,0.0,43.0,-0.0
56.119,open,not_held,0.0218,0.0,41.0,-0.0
56.156,open,not_held,0.0218,0.0,41.0,-0.0
56.194,open,not_held,0.0218,0.0,43.0,-0.0
56.229,open,not_held,0.0218,0.0,43.0,-0.0
56.265,open,not_held,0.0218,0.0,43.0,-0.0
56.305,back_out,not_held,0.0218,0.0,43.0,-0.0
56.340,back_out,not_held,0.0218,0.0,43.0,-0.0
56.378,back_out,not_held,0.0218,0.0,43.0,-0.0
56.416,back_out,not_held,0.0218,0.0,43.0,-0.0
56.454,back_out,not_held,0.0218,0.0,43.0,-0.0
56.490,back_out,not_held,0.0218,0.0,43.0,-0.0
56.529,back_out,not_held,0.0218,0.0,43.0,-0.0
56.567,back_out,not_held,0.0218,0.0,43.0,-0.0
56.605,back_out,not_held,0.0218,0.0,42.0,-0.0
56.640,back_out,not_held,0.0218,0.0,42.0,-0.0
56.679,back_out,not_held,0.0218,0.0,42.0,-0.0
56.717,back_out,not_held,0.0218,0.0,43.0,-0.0
56.757,back_out,not_held,0.0218,0.0,43.0,-0.0
56.795,back_out,not_held,0.0211,0.0,37.0,-0.0
56.833,back_out,not_held,0.0211,0.0,37.0,-0.0
56.868,back_out,not_held,0.0211,0.0,37.0,-0.0
56.904,back_out,not_held,0.0211,0.0,37.0,-0.0
56.942,back_out,not_held,0.0211,0.0,37.0,-0.0
56.979,back_out,not_held,0.0211,0.0,37.0,-0.0
57.015,back_out,not_held,0.0211,0.0,37.0,-0.0
57.050,back_out,not_held,0.0211,0.0,37.0,-0.0
57.086,back_out,not_held,0.0211,0.0,37.0,-0.0
57.120,back_out,not_held,0.0211,0.0,37.0,-0.0
57.159,back_out,not_held,0.0211,0.0,37.0,-0.0
57.196,back_out,not_held,0.0211,0.0,37.0,-0.0
57.232,back_out,not_held,0.0211,0.0,37.0,-0.0
57.268,back_out,not_held,0.0211,0.0,37.0,-0.0
57.304,back_out,not_held,0.0203,0.0,37.0,-0.0
57.342,back_out,not_held,0.0203,0.0,37.0,-0.0
57.379,back_out,not_held,0.0203,0.0,37.0,-0.0
57.415,back_out,not_held,0.0203,0.0,37.0,-0.0
57.452,back_out,not_held,0.0188,0.0,36.0,-0.0
57.486,back_out,not_held,0.0188,0.0,36.0,-0.0
57.520,back_out,not_held,0.018,0.0,36.0,-0.0
57.557,back_out,not_held,0.0195,0.0,33.0,-0.0
57.590,back_out,not_held,0.0195,0.0,33.0,-0.0
57.629,back_out,not_held,0.0203,0.0,34.0,-0.0
57.665,back_out,not_held,0.0203,0.0,34.0,-0.0
57.703,back_out,not_held,0.0203,0.0,34.0,-0.0
57.740,back_out,not_held,0.0188,0.0,34.0,-0.0
57.777,back_out,not_held,0.0188,0.0,34.0,-0.0
57.815,back_out,not_held,0.0188,0.0,34.0,-0.0
57.854,back_out,not_held,0.0203,0.0,32.0,-0.0
57.891,back_out,not_held,0.0203,0.0,32.0,-0.0
57.929,back_out,not_held,0.0203,0.0,32.0,-0.0
57.963,back_out,not_held,0.0203,0.0,31.0,-0.0
58.003,back_out,not_held,0.0203,0.0,31.0,-0.0
58.040,back_out,not_held,0.0188,0.0,34.0,-0.0
58.078,back_out,not_held,0.0188,0.0,34.0,-0.0
58.117,back_out,not_held,0.018,0.0,34.0,-0.0
58.152,back_out,not_held,0.018,0.0,36.0,-0.0
58.187,back_out,not_held,0.018,0.0,36.0,-0.0
58.225,back_out,not_held,0.0188,0.0,36.0,-0.0
58.263,back_out,not_held,0.0188,0.0,37.0,-0.0
58.301,back_out,not_held,0.0188,0.0,37.0,-0.0
58.339,back_out,not_held,0.0188,0.0,32.0,-0.0
58.378,back_out,not_held,0.0188,0.0,32.0,-0.0
58.417,back_out,not_held,0.0188,0.0,32.0,-0.0
58.455,back_out,not_held,0.018,0.0,35.0,-0.0
58.489,back_out,not_held,0.018,0.0,35.0,-0.0
58.528,back_out,not_held,0.018,0.0,35.0,-0.0
58.566,back_out,not_held,0.0195,0.0,36.0,-0.0
58.605,back_out,not_held,0.0195,0.0,36.0,-0.0
58.643,back_out,not_held,0.0203,0.0,36.0,-0.0
58.681,back_out,not_held,0.0203,0.0,31.0,-0.0
58.715,back_out,not_held,0.0203,0.0,31.0,-0.0
58.753,back_out,not_held,0.0188,0.0,35.0,-0.0
58.791,back_out,not_held,0.0188,0.0,35.0,-0.0
58.828,back_out,not_held,0.0188,0.0,35.0,-0.0
58.867,back_out,not_held,0.0203,0.0,32.0,-0.0
58.905,back_out,not_held,0.0203,0.0,32.0,-0.0
58.938,back_out,not_held,0.0203,0.0,32.0,-0.0
58.974,back_out,not_held,0.018,0.0,33.0,-0.0
59.007,back_out,not_held,0.018,0.0,33.0,-0.0
59.046,back_out,not_held,0.0188,0.0,33.0,-0.0
59.081,back_out,not_held,0.0188,0.0,33.0,-0.0
59.119,back_out,not_held,0.0188,0.0,33.0,-0.0
59.157,back_out,not_held,0.0195,0.0,31.0,-0.0
59.191,back_out,not_held,0.0195,0.0,31.0,-0.0
59.225,back_out,not_held,0.0195,0.0,31.0,-0.0
59.264,back_out,not_held,0.0203,0.0,29.0,-0.0
59.302,back_out,not_held,0.0203,0.0,29.0,-0.0
59.340,back_out,not_held,0.0203,0.0,29.0,-0.0
59.376,back_out,not_held,0.0188,0.0,35.0,-0.0
59.414,back_out,not_held,0.0188,0.0,35.0,-0.0
59.451,back_out,not_held,0.0188,0.0,35.0,-0.0
59.490,back_out,not_held,0.0188,0.0,33.0,-0.0
59.524,back_out,not_held,0.0188,0.0,33.0,-0.0
59.559,back_out,not_held,0.0188,0.0,33.0,-0.0
59.593,back_out,not_held,0.0188,0.0,33.0,-0.0
59.631,back_out,not_held,0.0188,0.0,33.0,-0.0
59.666,back_out,not_held,0.0188,0.0,33.0,-0.0
59.704,back_out,not_held,0.0188,0.0,33.0,-0.0
59.743,back_out,not_held,0.0188,0.0,33.0,-0.0
59.781,back_out,not_held,0.0188,0.0,35.0,-0.0
59.819,back_out,not_held,0.0188,0.0,35.0,-0.0
59.857,back_out,not_held,0.0188,0.0,35.0,-0.0
59.891,back_out,not_held,0.0188,0.0,32.0,-0.0
59.929,back_out,not_held,0.0188,0.0,32.0,-0.0
59.968,back_out,not_held,0.0188,0.0,32.0,-0.0
60.005,back_out,not_held,0.0188,0.0,33.0,-0.0
60.043,back_out,not_held,0.0188,0.0,33.0,-0.0
60.078,back_out,not_held,0.0188,0.0,33.0,-0.0
60.117,back_out,not_held,0.0188,0.0,32.0,-0.0
60.153,back_out,not_held,0.0188,0.0,32.0,-0.0
60.191,back_out,not_held,0.0195,0.0,29.0,-0.0
60.229,back_out,not_held,0.0195,0.0,29.0,-0.0
60.268,back_out,not_held,0.0195,0.0,29.0,-0.0
60.306,back_out,not_held,0.0188,0.0,31.0,-0.0
60.341,back_out,not_held,0.0188,0.0,31.0,-0.0
60.376,back_out,not_held,0.018,0.0,31.0,-0.0
60.411,back_out,not_held,0.018,0.0,33.0,-0.0
60.448,back_out,not_held,0.018,0.0,33.0,-0.0
60.485,back_out,not_held,0.018,0.0,33.0,-0.0
60.519,back_out,not_held,0.0195,0.0,32.0,-0.0
60.557,back_out,not_held,0.0195,0.0,32.0,-0.0
60.595,back_out,not_held,0.0203,0.0,32.0,-0.0
60.632,back_out,not_held,0.0188,0.0,35.0,-0.0
60.671,back_out,not_held,0.0188,0.0,35.0,-0.0
60.705,back_out,not_held,0.0188,0.0,31.0,-0.0
60.743,back_out,not_held,0.0188,0.0,31.0,-0.0
60.779,back_out,not_held,0.0188,0.0,31.0,-0.0
60.818,back_out,not_held,0.0188,0.0,34.0,-0.0
60.853,back_out,not_held,0.0188,0.0,34.0,-0.0
60.891,back_out,not_held,0.018,0.0,34.0,-0.0
60.928,back_out,not_held,0.018,0.0,31.0,-0.0
60.962,clear,not_held,0.018,0.0,31.0,-0.0
60.996,clear,not_held,0.0188,0.0,31.0,-0.0
61.032,clear,not_held,0.0188,0.0,30.0,-0.0
61.071,clear,not_held,0.0188,0.0,30.0,-0.0
61.108,clear,not_held,0.018,0.0,30.0,-0.0
61.141,clear,not_held,0.018,0.0,33.0,-0.0
61.179,clear,not_held,0.018,0.0,33.0,-0.0
61.218,clear,not_held,0.0203,0.0,32.0,-0.0
61.256,clear,not_held,0.0203,0.0,32.0,-0.0
61.292,clear,not_held,0.0203,0.0,33.0,-0.0
61.327,clear,not_held,0.0188,0.0,34.0,-0.0
61.365,clear,not_held,0.0188,0.0,34.0,-0.0
61.404,clear,not_held,0.018,0.0,33.0,-0.0
61.442,clear,not_held,0.018,0.0,37.0,-0.0
61.477,clear,not_held,0.018,0.0,37.0,-0.0
61.515,clear,not_held,0.0188,0.0,37.0,-0.0
61.553,clear,not_held,0.0188,0.0,30.0,-0.0
61.591,clear,not_held,0.0188,0.0,30.0,-0.0
61.630,clear,not_held,0.018,0.0,30.0,-0.0
61.666,clear,not_held,0.018,0.0,30.0,-0.0
61.704,clear,not_held,0.018,0.0,30.0,-0.0
61.743,clear,not_held,0.0188,0.0,31.0,-0.0
61.777,clear,not_held,0.0188,0.0,31.0,-0.0
61.815,clear,not_held,0.0188,0.0,31.0,-0.0
61.849,clear,not_held,0.0203,0.0,34.0,-0.0
61.883,clear,not_held,0.0203,0.0,34.0,-0.0
61.918,clear,not_held,0.0195,0.0,34.0,-0.0
61.954,clear,not_held,0.018,0.0,35.0,-0.0
61.993,clear,not_held,0.018,0.0,35.0,-0.0
62.028,clear,not_held,0.0188,0.0,35.0,-0.0
62.063,clear,not_held,0.0203,0.0,30.0,-0.0
62.098,clear,not_held,0.0203,0.0,30.0,-0.0
62.132,clear,not_held,0.0203,0.0,30.0,-0.0
62.167,clear,not_held,0.0188,0.0,29.0,-0.0
62.205,clear,not_held,0.0188,0.0,29.0,-0.0
62.241,clear,not_held,0.0188,0.0,30.0,-0.0
62.279,clear,not_held,0.0188,0.0,30.0,-0.0
62.317,clear,not_held,0.0188,0.0,31.0,-0.0
62.356,clear,not_held,0.0188,0.0,30.0,-0.0
62.394,clear,not_held,0.0188,0.0,30.0,-0.0
62.428,clear,not_held,0.018,0.0,29.0,-0.0
62.462,clear,not_held,0.018,0.0,30.0,-0.0
62.500,clear,not_held,0.018,0.0,30.0,-0.0
62.534,clear,not_held,0.0188,0.0,30.0,-0.0
62.571,clear,not_held,0.0188,0.0,35.0,-0.0
62.609,clear,not_held,0.0188,0.0,35.0,-0.0
62.648,survey_again,not_held,0.0188,0.0,35.0,-0.0
62.684,survey_again,not_held,0.0188,0.0,29.0,-0.0
62.722,survey_again,not_held,0.0188,0.0,29.0,-0.0
62.758,survey_again,not_held,0.018,0.0,36.0,-0.0
62.796,survey_again,not_held,0.018,0.0,36.0,-0.0
62.834,survey_again,not_held,0.018,0.0,36.0,-0.0
62.873,survey_again,not_held,0.0195,0.0,31.0,-0.0
62.911,survey_again,not_held,0.0195,0.0,31.0,-0.0
62.945,survey_again,not_held,0.0203,0.0,31.0,-0.0
62.980,survey_again,not_held,0.0188,0.0,29.0,-0.0
63.017,survey_again,not_held,0.0188,0.0,29.0,-0.0
63.055,survey_again,not_held,0.0188,0.0,29.0,-0.0
63.090,survey_again,not_held,0.0188,0.0,30.0,-0.0
63.125,survey_again,not_held,0.0188,0.0,30.0,-0.0
63.160,survey_again,not_held,0.0188,0.0,35.0,-0.0
63.194,survey_again,not_held,0.0188,0.0,35.0,-0.0
63.232,survey_again,not_held,0.0188,0.0,35.0,-0.0
63.270,survey_again,not_held,0.018,0.0,31.0,-0.0
63.309,survey_again,not_held,0.018,0.0,31.0,-0.0
63.347,survey_again,not_held,0.0188,0.0,31.0,-0.0
63.385,survey_again,not_held,0.0188,0.0,30.0,-0.0
63.423,survey_again,not_held,0.0188,0.0,30.0,-0.0
63.458,survey_again,not_held,0.0188,0.0,30.0,-0.0
63.496,survey_again,not_held,0.0188,0.0,31.0,-0.0
63.532,survey_again,not_held,0.0188,0.0,31.0,-0.0
63.566,survey_again,not_held,0.018,0.0,31.0,-0.0
63.603,survey_again,not_held,0.018,0.0,31.0,-0.0
63.639,survey_again,not_held,0.018,0.0,31.0,-0.0
63.674,survey_again,not_held,0.018,0.0,31.0,-0.0
63.708,survey_again,not_held,0.018,0.0,30.0,-0.0
63.745,survey_again,not_held,0.018,0.0,30.0,-0.0
63.780,survey_again,not_held,0.0188,0.0,33.0,-0.0
63.815,survey_again,not_held,0.0188,0.0,33.0,-0.0
63.850,survey_again,not_held,0.0188,0.0,33.0,-0.0
63.885,survey_again,not_held,0.0188,0.0,30.0,-0.0
63.920,survey_again,not_held,0.0188,0.0,30.0,-0.0
63.958,survey_again,not_held,0.018,0.0,30.0,-0.0
63.992,survey_again,not_held,0.018,0.0,30.0,-0.0
64.026,survey_again,not_held,0.018,0.0,30.0,-0.0
64.064,survey_again,not_held,0.0188,0.0,30.0,-0.0
64.098,survey_again,not_held,0.0188,0.0,34.0,-0.0
64.132,survey_again,not_held,0.0188,0.0,34.0,-0.0
64.166,survey_again,not_held,0.0188,0.0,34.0,-0.0
64.202,survey_again,not_held,0.0188,0.0,33.0,-0.0
64.235,survey_again,not_held,0.0188,0.0,33.0,-0.0
64.272,survey_again,not_held,0.0188,0.0,33.0,-0.0
64.308,survey_again,not_held,0.0203,0.0,35.0,-0.0
64.343,survey_again,not_held,0.0203,0.0,35.0,-0.0
64.378,survey_again,not_held,0.0195,0.0,35.0,-0.0
64.414,survey_again,not_held,0.018,0.0,31.0,-0.0
64.448,survey_again,not_held,0.018,0.0,31.0,-0.0
64.487,survey_again,not_held,0.018,0.0,31.0,-0.0
64.525,survey_again,not_held,0.018,0.0,32.0,-0.0
64.559,survey_again,not_held,0.018,0.0,32.0,-0.0
64.595,survey_again,not_held,0.0188,0.0,32.0,-0.0
64.631,survey_again,not_held,0.0188,0.0,31.0,-0.0
64.669,survey_again,not_held,0.0188,0.0,31.0,-0.0
64.707,survey_again,not_held,0.018,0.0,31.0,-0.0
64.741,survey_again,not_held,0.018,0.0,31.0,-0.0
64.780,survey_again,not_held,0.0188,0.0,31.0,-0.0
64.816,survey_again,not_held,0.0188,0.0,34.0,-0.0
64.851,survey_again,not_held,0.0188,0.0,34.0,-0.0
64.889,survey_again,not_held,0.018,0.0,34.0,-0.0
64.925,survey_again,not_held,0.018,0.0,30.0,-0.0
64.960,survey_again,not_held,0.018,0.0,30.0,-0.0
64.999,survey_again,not_held,0.0188,0.0,30.0,-0.0
65.037,survey_again,not_held,0.0188,0.0,31.0,-0.0
65.071,survey_again,not_held,0.0188,0.0,31.0,-0.0
65.106,survey_again,not_held,0.0188,0.0,31.0,-0.0
65.143,survey_again,not_held,0.0203,0.0,32.0,-0.0
65.181,survey_again,not_held,0.0203,0.0,32.0,-0.0
65.219,survey_again,not_held,0.018,0.0,31.0,-0.0
65.256,survey_again,not_held,0.018,0.0,31.0,-0.0
65.295,survey_again,not_held,0.018,0.0,31.0,-0.0
65.333,survey_again,not_held,0.0195,0.0,33.0,-0.0
65.369,survey_again,not_held,0.0195,0.0,33.0,-0.0
65.402,survey_again,not_held,0.0203,0.0,33.0,-0.0
65.441,survey_again,not_held,0.0203,0.0,30.0,-0.0
65.477,survey_again,not_held,0.0203,0.0,30.0,-0.0
65.512,survey_again,not_held,0.0188,0.0,33.0,-0.0
65.551,survey_again,not_held,0.0188,0.0,33.0,-0.0
65.588,survey_again,not_held,0.0188,0.0,33.0,-0.0
65.626,survey_again,not_held,0.018,0.0,29.0,-0.0
65.663,survey_again,not_held,0.018,0.0,29.0,-0.0
65.699,survey_again,not_held,0.018,0.0,29.0,-0.0
65.736,survey_again,not_held,0.018,0.0,34.0,-0.0
65.770,survey_again,not_held,0.018,0.0,34.0,-0.0
65.808,survey_again,not_held,0.018,0.0,34.0,-0.0
65.843,survey_again,not_held,0.0195,0.0,33.0,-0.0
65.879,survey_again,not_held,0.0195,0.0,33.0,-0.0
65.916,survey_again,not_held,0.0203,0.0,33.0,-0.0
65.950,survey_again,not_held,0.0188,0.0,31.0,-0.0
65.985,survey_again,not_held,0.0188,0.0,31.0,-0.0
66.019,survey_again,not_held,0.0188,0.0,31.0,-0.0
66.057,survey_again,not_held,0.0188,0.0,30.0,-0.0
66.092,survey_again,not_held,0.0188,0.0,30.0,-0.0
66.126,survey_again,not_held,0.0188,0.0,30.0,-0.0
66.162,survey_again,not_held,0.0188,0.0,30.0,-0.0
66.196,survey_again,not_held,0.0188,0.0,30.0,-0.0
66.232,survey_again,not_held,0.0188,0.0,30.0,-0.0
66.267,survey_again,not_held,0.0188,0.0,31.0,-0.0
66.302,survey_again,not_held,0.0188,0.0,31.0,-0.0
66.340,survey_again,not_held,0.0188,0.0,34.0,-0.0
66.374,survey_again,not_held,0.0188,0.0,34.0,-0.0
66.408,survey_again,not_held,0.0188,0.0,34.0,-0.0
66.444,survey_again,not_held,0.0195,0.0,29.0,-0.0
66.482,survey_again,not_held,0.0195,0.0,29.0,-0.0
66.517,survey_again,not_held,0.0195,0.0,29.0,-0.0
66.555,survey_again,not_held,0.0188,0.0,31.0,-0.0
66.592,survey_again,not_held,0.0188,0.0,31.0,-0.0
66.629,survey_again,not_held,0.0188,0.0,31.0,-0.0
66.668,survey_again,not_held,0.0188,0.0,34.0,-0.0
66.706,survey_again,not_held,0.0188,0.0,34.0,-0.0
66.744,survey_again,not_held,0.018,0.0,34.0,-0.0
66.781,survey_again,not_held,0.018,0.0,31.0,-0.0
66.816,survey_again,not_held,0.018,0.0,31.0,-0.0
66.854,survey_again,not_held,0.0188,0.0,31.0,-0.0
66.891,survey_again,not_held,0.0188,0.0,31.0,-0.0
66.930,survey_again,not_held,0.018,0.0,31.0,-0.0
66.967,survey_again,not_held,0.018,0.0,31.0,-0.0
67.003,survey_again,not_held,0.018,0.0,31.0,-0.0
67.038,survey_again,not_held,0.0188,0.0,31.0,-0.0
67.074,survey_again,not_held,0.0188,0.0,31.0,-0.0
67.112,survey_again,not_held,0.0188,0.0,31.0,-0.0
67.149,survey_again,not_held,0.0188,0.0,31.0,-0.0
67.188,survey_again,not_held,0.0203,0.0,31.0,-0.0
67.227,survey_again,not_held,0.0203,0.0,31.0,-0.0
67.265,survey_again,not_held,0.0188,0.0,30.0,-0.0
67.303,survey_again,not_held,0.0188,0.0,30.0,-0.0
67.341,survey_again,not_held,0.0188,0.0,30.0,-0.0
67.379,survey_again,not_held,0.018,0.0,33.0,-0.0
67.415,survey_again,not_held,0.018,0.0,33.0,-0.0
67.454,survey_again,not_held,0.0188,0.0,32.0,-0.0
67.490,survey_again,not_held,0.0188,0.0,31.0,-0.0
67.529,survey_again,not_held,0.0188,0.0,31.0,-0.0
67.567,survey_again,not_held,0.0188,0.0,31.0,-0.0
67.605,survey_again,not_held,0.0188,0.0,31.0,-0.0
67.644,survey_again,not_held,0.0188,0.0,31.0,-0.0
67.682,survey_again,not_held,0.018,0.0,31.0,-0.0
67.720,survey_again,not_held,0.018,0.0,31.0,-0.0
67.755,survey_again,not_held,0.018,0.0,31.0,-0.0
67.793,survey_again,not_held,0.0203,0.0,30.0,-0.0
67.831,survey_again,not_held,0.0203,0.0,30.0,-0.0
67.867,survey_again,not_held,0.0203,0.0,30.0,-0.0
67.901,survey_again,not_held,0.0188,0.0,31.0,-0.0
67.935,survey_again,not_held,0.0188,0.0,31.0,-0.0
67.973,survey_again,not_held,0.0188,0.0,31.0,-0.0
68.012,survey_again,not_held,0.0188,0.0,31.0,-0.0
68.050,survey_again,not_held,0.0188,0.0,31.0,-0.0
68.088,survey_again,not_held,0.0188,0.0,31.0,-0.0
68.124,survey_again,not_held,0.0188,0.0,31.0,-0.0
68.158,survey_again,not_held,0.0188,0.0,31.0,-0.0
68.192,survey_again,not_held,0.0188,0.0,32.0,-0.0
68.228,survey_again,not_held,0.0188,0.0,32.0,-0.0
68.266,survey_again,not_held,0.0188,0.0,32.0,-0.0
68.304,survey_again,not_held,0.0203,0.0,30.0,-0.0
68.341,survey_again,not_held,0.0203,0.0,30.0,-0.0
68.379,survey_again,not_held,0.0203,0.0,31.0,-0.0
68.415,survey_again,not_held,0.0188,0.0,32.0,-0.0
68.454,survey_again,not_held,0.0188,0.0,32.0,-0.0
68.492,survey_again,not_held,0.0188,0.0,31.0,-0.0
68.528,survey_again,not_held,0.0188,0.0,31.0,-0.0
68.566,survey_again,not_held,0.0188,0.0,31.0,-0.0
68.605,survey_again,not_held,0.0188,0.0,30.0,-0.0
68.644,survey_again,not_held,0.0188,0.0,30.0,-0.0
68.679,survey_again,not_held,0.0188,0.0,30.0,-0.0
68.714,survey_again,not_held,0.0203,0.0,35.0,-0.0
68.748,survey_again,not_held,0.0203,0.0,35.0,-0.0
68.787,survey_again,not_held,0.0203,0.0,35.0,-0.0
68.825,survey_again,not_held,0.0188,0.0,35.0,-0.0
68.859,survey_again,not_held,0.0188,0.0,35.0,-0.0
68.895,survey_again,not_held,0.0188,0.0,35.0,-0.0
68.931,survey_again,not_held,0.0188,0.0,32.0,-0.0
68.970,survey_again,not_held,0.0188,0.0,32.0,-0.0
69.008,survey_again,not_held,0.0188,0.0,30.0,-0.0
69.046,survey_again,not_held,0.0188,0.0,30.0,-0.0
69.084,survey_again,not_held,0.0188,0.0,30.0,-0.0
69.122,survey_again,not_held,0.0188,0.0,31.0,-0.0
69.161,survey_again,not_held,0.0188,0.0,31.0,-0.0
69.198,survey_again,not_held,0.0188,0.0,31.0,-0.0
69.236,survey_again,not_held,0.0188,0.0,33.0,-0.0
69.274,survey_again,not_held,0.0188,0.0,33.0,-0.0
69.308,survey_again,not_held,0.018,0.0,33.0,-0.0
69.346,survey_again,not_held,0.018,0.0,34.0,-0.0
69.384,survey_again,not_held,0.018,0.0,34.0,-0.0
69.422,survey_again,not_held,0.0188,0.0,30.0,-0.0
69.460,survey_again,not_held,0.0188,0.0,30.0,-0.0
69.498,survey_again,not_held,0.0188,0.0,29.0,-0.0
69.536,survey_again,not_held,0.0188,0.0,29.0,-0.0
69.574,survey_again,not_held,0.0188,0.0,29.0,-0.0
69.612,survey_again,not_held,0.0188,0.0,29.0,-0.0
69.651,survey_again,not_held,0.0188,0.0,29.0,-0.0
69.689,survey_again,not_held,0.0188,0.0,29.0,-0.0
69.728,return,not_held,0.018,0.0,31.0,-0.0
69.764,return,not_held,0.018,0.0,31.0,-0.0
69.798,return,not_held,0.018,0.0,31.0,-0.0
69.832,return,not_held,0.0203,0.0,30.0,-0.0
69.870,return,not_held,0.0203,0.0,30.0,-0.0
69.907,return,not_held,0.0195,0.0,30.0,-0.0
69.946,return,not_held,0.018,0.0,31.0,-0.0
69.985,return,not_held,0.018,0.0,31.0,-0.0
70.023,return,not_held,0.018,0.0,30.0,-0.0
70.059,return,not_held,0.018,0.0,30.0,-0.0
70.093,return,not_held,0.018,0.0,30.0,-0.0
70.132,return,not_held,0.0203,0.0,32.0,-0.0
70.170,return,not_held,0.0203,0.0,32.0,-0.0
70.205,return,not_held,0.0203,0.0,32.0,-0.0
70.241,return,not_held,0.0188,0.0,32.0,-0.0
70.279,return,not_held,0.0188,0.0,32.0,-0.0
70.315,return,not_held,0.0188,0.0,32.0,-0.0
70.354,return,not_held,0.0188,0.0,34.0,-0.0
70.389,return,not_held,0.0188,0.0,34.0,-0.0
70.426,return,not_held,0.018,0.0,34.0,-0.0
70.462,return,not_held,0.018,0.0,30.0,-0.0
70.500,return,not_held,0.018,0.0,30.0,-0.0
70.535,return,not_held,0.0188,0.0,30.0,-0.0
70.569,return,not_held,0.0188,0.0,31.0,-0.0
70.607,return,not_held,0.0188,0.0,31.0,-0.0
70.642,return,not_held,0.0188,0.0,29.0,-0.0
70.676,return,not_held,0.0188,0.0,29.0,-0.0
70.715,return,not_held,0.0188,0.0,29.0,-0.0
70.749,return,not_held,0.0188,0.0,30.0,-0.0
70.783,return,not_held,0.0188,0.0,30.0,-0.0
70.818,return,not_held,0.0188,0.0,30.0,-0.0
70.855,return,not_held,0.018,0.0,31.0,-0.0
70.891,return,not_held,0.018,0.0,31.0,-0.0
70.924,return,not_held,0.018,0.0,31.0,-0.0
70.962,return,not_held,0.0188,0.0,34.0,-0.0
70.998,return,not_held,0.0188,0.0,34.0,-0.0
71.032,return,not_held,0.0188,0.0,34.0,-0.0
71.066,return,not_held,0.0188,0.0,31.0,-0.0
71.102,return,not_held,0.0188,0.0,31.0,-0.0
71.137,return,not_held,0.0188,0.0,31.0,-0.0
71.175,return,not_held,0.0188,0.0,31.0,-0.0
71.209,return,not_held,0.0188,0.0,31.0,-0.0
71.248,return,not_held,0.0188,0.0,31.0,-0.0
71.283,return,not_held,0.0188,0.0,31.0,-0.0
71.321,return,not_held,0.0188,0.0,31.0,-0.0
71.359,return,not_held,0.0188,0.0,32.0,-0.0
71.397,return,not_held,0.0188,0.0,32.0,-0.0
71.436,return,not_held,0.0188,0.0,32.0,-0.0
71.470,return,not_held,0.018,0.0,31.0,-0.0
71.508,return,not_held,0.018,0.0,31.0,-0.0
71.543,return,not_held,0.018,0.0,31.0,-0.0
71.577,return,not_held,0.0188,0.0,31.0,-0.0
71.612,return,not_held,0.0188,0.0,31.0,-0.0
71.646,return,not_held,0.0188,0.0,31.0,-0.0
71.682,return,not_held,0.0188,0.0,30.0,-0.0
71.720,return,not_held,0.0188,0.0,30.0,-0.0
71.758,return,not_held,0.0188,0.0,30.0,-0.0
71.792,return,not_held,0.0188,0.0,29.0,-0.0
71.826,return,not_held,0.0188,0.0,29.0,-0.0
71.864,return,not_held,0.0188,0.0,29.0,-0.0
71.902,return,not_held,0.0188,0.0,30.0,-0.0
71.940,return,not_held,0.0188,0.0,30.0,-0.0
71.976,return,not_held,0.0188,0.0,30.0,-0.0
72.012,return,not_held,0.0188,0.0,30.0,-0.0
72.048,return,not_held,0.0188,0.0,30.0,-0.0
72.088,return,not_held,0.0188,0.0,32.0,-0.0
72.126,return,not_held,0.0188,0.0,32.0,-0.0
72.164,return,not_held,0.0188,0.0,32.0,-0.0
72.199,return,not_held,0.0188,0.0,30.0,-0.0
72.233,return,not_held,0.0188,0.0,30.0,-0.0
72.273,return,not_held,0.0188,0.0,30.0,-0.0
72.308,return,not_held,0.0203,0.0,31.0,-0.0
72.346,return,not_held,0.0203,0.0,31.0,-0.0
72.383,return,not_held,0.0203,0.0,32.0,-0.0
72.417,return,not_held,0.0188,0.0,32.0,-0.0
72.453,return,not_held,0.0188,0.0,32.0,-0.0
72.490,return,not_held,0.0188,0.0,31.0,-0.0
72.527,return,not_held,0.0188,0.0,31.0,-0.0
72.561,return,not_held,0.0188,0.0,31.0,-0.0
72.599,return,not_held,0.0188,0.0,31.0,-0.0
72.637,return,not_held,0.0188,0.0,31.0,-0.0
72.675,return,not_held,0.0188,0.0,31.0,-0.0
72.713,return,not_held,0.0188,0.0,30.0,-0.0
72.749,return,not_held,0.0188,0.0,30.0,-0.0
72.787,return,not_held,0.0188,0.0,30.0,-0.0
72.826,return,not_held,0.0188,0.0,33.0,-0.0
72.863,return,not_held,0.0188,0.0,33.0,-0.0
72.902,return,not_held,0.0188,0.0,34.0,-0.0
72.941,return,not_held,0.0188,0.0,34.0,-0.0
72.977,return,not_held,0.0188,0.0,34.0,-0.0
73.015,return,not_held,0.0188,0.0,33.0,-0.0
73.052,return,not_held,0.0188,0.0,33.0,-0.0
73.091,return,not_held,0.018,0.0,33.0,-0.0
73.124,return,not_held,0.018,0.0,33.0,-0.0
73.157,return,not_held,0.018,0.0,33.0,-0.0
73.196,return,not_held,0.0188,0.0,33.0,-0.0
73.235,return,not_held,0.0203,0.0,31.0,-0.0
73.269,return,not_held,0.0203,0.0,31.0,-0.0
73.305,return,not_held,0.0203,0.0,31.0,-0.0
73.344,return,not_held,0.0188,0.0,34.0,-0.0
73.383,return,not_held,0.0188,0.0,34.0,-0.0
73.417,return,not_held,0.0188,0.0,31.0,-0.0
73.456,return,not_held,0.0188,0.0,31.0,-0.0
73.490,return,not_held,0.0188,0.0,31.0,-0.0
73.529,return,not_held,0.018,0.0,32.0,-0.0
73.567,return,not_held,0.018,0.0,32.0,-0.0
73.606,return,not_held,0.018,0.0,32.0,-0.0
73.643,return,not_held,0.018,0.0,30.0,-0.0
73.680,return,not_held,0.018,0.0,30.0,-0.0
73.716,return,not_held,0.0188,0.0,31.0,-0.0
73.754,return,not_held,0.0188,0.0,31.0,-0.0
73.790,return,not_held,0.0188,0.0,31.0,-0.0
73.829,return,not_held,0.0188,0.0,30.0,-0.0
73.867,return,not_held,0.0188,0.0,30.0,-0.0
73.902,return,not_held,0.0188,0.0,30.0,-0.0
73.935,return,not_held,0.0188,0.0,31.0,-0.0
73.970,return,not_held,0.0188,0.0,31.0,-0.0
74.006,return,not_held,0.0188,0.0,31.0,-0.0
74.040,return,not_held,0.0188,0.0,31.0,-0.0
74.075,return,not_held,0.0188,0.0,31.0,-0.0
74.113,return,not_held,0.018,0.0,31.0,-0.0
74.149,return,not_held,0.018,0.0,30.0,-0.0
74.184,return,not_held,0.018,0.0,30.0,-0.0
74.220,return,not_held,0.0188,0.0,30.0,-0.0
74.258,return,not_held,0.0188,0.0,30.0,-0.0
74.292,return,not_held,0.0188,0.0,30.0,-0.0
74.326,return,not_held,0.018,0.0,30.0,-0.0
74.362,return,not_held,0.018,0.0,33.0,-0.0
74.398,return,not_held,0.018,0.0,33.0,-0.0
74.434,return,not_held,0.0188,0.0,33.0,-0.0
74.469,return,not_held,0.0188,0.0,33.0,-0.0
74.505,return,not_held,0.0188,0.0,33.0,-0.0
74.541,return,not_held,0.018,0.0,29.0,-0.0
74.580,return,not_held,0.018,0.0,29.0,-0.0
74.617,return,not_held,0.018,0.0,29.0,-0.0
74.655,return,not_held,0.0188,0.0,33.0,-0.0
74.689,return,not_held,0.0188,0.0,33.0,-0.0
74.724,return,not_held,0.018,0.0,33.0,-0.0
74.763,return,not_held,0.018,0.0,29.0,-0.0
74.801,return,not_held,0.018,0.0,29.0,-0.0
74.839,return,not_held,0.0188,0.0,29.0,-0.0
74.878,return,not_held,0.0188,0.0,31.0,-0.0
74.916,return,not_held,0.0188,0.0,31.0,-0.0
74.954,return,not_held,0.0188,0.0,31.0,-0.0
74.990,return,not_held,0.0188,0.0,31.0,-0.0
75.024,return,not_held,0.0188,0.0,31.0,-0.0
75.060,return,not_held,0.018,0.0,31.0,-0.0
75.095,return,not_held,0.018,0.0,31.0,-0.0
75.131,return,not_held,0.0188,0.0,31.0,-0.0
75.169,return,not_held,0.0188,0.0,32.0,-0.0
75.208,return,not_held,0.0188,0.0,32.0,-0.0
75.244,return,not_held,0.0188,0.0,32.0,-0.0
75.277,return,not_held,0.0188,0.0,31.0,-0.0
75.315,return,not_held,0.0188,0.0,31.0,-0.0
75.353,return,not_held,0.018,0.0,32.0,-0.0
75.390,return,not_held,0.0195,0.0,32.0,-0.0
75.426,return,not_held,0.0195,0.0,32.0,-0.0
75.464,return,not_held,0.0188,0.0,33.0,-0.0
75.501,return,not_held,0.0188,0.0,33.0,-0.0
75.539,return,not_held,0.0188,0.0,33.0,-0.0
75.578,return,not_held,0.018,0.0,30.0,-0.0
75.615,return,not_held,0.018,0.0,30.0,-0.0
75.654,return,not_held,0.0188,0.0,30.0,-0.0
75.692,return,not_held,0.0188,0.0,30.0,-0.0
75.730,return,not_held,0.0188,0.0,30.0,-0.0
75.766,return,not_held,0.018,0.0,30.0,-0.0
75.800,return,not_held,0.018,0.0,30.0,-0.0
75.833,return,not_held,0.018,0.0,30.0,-0.0
75.872,return,not_held,0.0188,0.0,30.0,-0.0
75.911,return,not_held,0.0188,0.0,30.0,-0.0
